gc,0.1782680365070387,0.27354392024615404,0.06946983546617916,I-A
length,0.158777521696725,0.39603549481217865,0.08683729433272395,I-A
ATT,0.04475112411631691,0.05499046323525943,0.027422303473491772,I-A
palIdx,0.0424051068788774,0.019966835553188608,0.06672760511882998,I-A
CAA,0.04183173459058225,0.018562003674759072,0.029250457038391225,I-A
TAA,0.032655200371191705,0.005223075136803989,0.021937842778793418,I-A
GTT,0.027859802746998657,0.007013047008896456,0.027422303473491772,I-A
CTT,0.025866780613233664,0.010373173729956171,0.03290676416819013,I-A
TTT,0.025390862666950058,0.008012061440430448,0.03290676416819013,I-A
AAG,0.020713042460316237,0.007972362824527702,0.031078610603290677,I-A
GAG,0.020126920371697356,0.008389597089312173,0.014625228519195612,I-A
ATG,0.017947249635844893,0.008103266889156262,0.011882998171846435,I-A
AGT,0.017779053078463544,0.003424547131924307,0.014625228519195612,I-A
CTC,0.017608212730007834,0.0033299786626021285,0.015539305301645339,I-A
AAA,0.015425111446539769,0.019584044024774653,0.027422303473491772,I-A
AAT,0.015018908829535839,0.012772456635478444,0.0356489945155393,I-A
ATC,0.014078005779107844,0.0018393386297950276,0.010054844606946984,I-A
GAC,0.013552122706006085,0.002097733649926504,0.007312614259597806,I-A
TGC,0.013497868298599018,0.003256734386501623,0.014625228519195612,I-A
GAA,0.013235054278535868,0.005888532686113092,0.016453382084095063,I-A
CCT,0.012629193970799903,0.002947896686412541,0.012797074954296161,I-A
TTC,0.012551666948580287,0.0035684189361564612,0.02102376599634369,I-A
TGT,0.011156182404915381,0.009524510315289336,0.009140767824497258,I-A
GGA,0.010293361423454713,0.0033602921579699925,0.016453382084095063,I-A
AGA,0.009048613036183203,0.003915272116048928,0.024680073126142597,I-A
TCC,0.008943726028626444,0.006546074268871753,0.02102376599634369,I-A
AAC,0.008860006793529033,0.002441077048438818,0.016453382084095063,I-A
TGA,0.008610346843876156,0.0012007246130702014,0.010968921389396709,I-A
ATA,0.0084224889534364,0.00569018538202578,0.014625228519195612,I-A
TTA,0.00813806989707096,0.004251400184303024,0.022851919561243144,I-A
TCT,0.008016664500659255,0.0015606605584806562,0.013711151736745886,I-A
GTC,0.007848326512500897,0.0014828260921750402,0.004570383912248629,I-A
TAT,0.007544609420041442,0.003946304442829236,0.010968921389396709,I-A
GAT,0.007461648470332384,0.00278809229434965,0.008226691042047532,I-A
TCA,0.007428130649108585,0.002546971518331958,0.014625228519195612,I-A
TAC,0.0069868815729462385,0.004956314468266923,0.015539305301645339,I-A
TTG,0.00653979176317032,0.002956261714255912,0.01736745886654479,I-A
GCA,0.006212272251874985,0.0023612107170041642,0.010054844606946984,I-A
CAC,0.005699288113209042,0.00456176105704769,0.005484460694698354,I-A
CCA,0.005539581685342107,0.0016618726973780078,0.005484460694698354,I-A
CGA,0.005198569719272868,0.004187166028556433,0.007312614259597806,I-A
ACA,0.004646135879287075,0.0012102942609485755,0.005484460694698354,I-A
GGT,0.004220759841586621,0.0032886538558415564,0.007312614259597806,I-A
CGC,0.003980809801459363,0.0029545066129492256,0.0018281535648994515,I-A
GTG,0.003932923968582637,0.003836216338919153,0.006398537477148081,I-A
TGG,0.0039037302217581685,0.002054913812840145,0.005484460694698354,I-A
ACG,0.0038047253510115966,0.002086140001820479,0.003656307129798903,I-A
CTG,0.003704442677386162,0.0023969422215437165,0.006398537477148081,I-A
TCG,0.0036424592276858244,0.0028703366101954213,0.003656307129798903,I-A
CGG,0.003531692747958706,0.011729247132489637,0.005484460694698354,I-A
AGG,0.003034905776601005,7.612901851897047e-4,0.007312614259597806,I-A
GTA,0.0028962066731855994,8.427702174810815e-4,0.003656307129798903,I-A
GCG,0.0028784626943602672,4.563600768767493e-4,0.0018281535648994515,I-A
CAT,0.0026416743827856947,0.002984319984425124,0.006398537477148081,I-A
ACT,0.0025768389810259594,0.001618378241692481,0.007312614259597806,I-A
GCT,0.0025121790163617555,0.002238349916015757,0.004570383912248629,I-A
AGC,0.0024244014072592004,0.0022591455998188965,0.009140767824497258,I-A
GGC,0.0022754575598447533,1.4253265123398217e-4,9.140767824497258e-4,I-A
CGT,0.002187695069842864,0.004983783003205105,0.003656307129798903,I-A
CAG,0.0021496404749739846,1.808865814120832e-4,9.140767824497258e-4,I-A
CTA,0.002116035483329904,0.0012995511997245183,0.010054844606946984,I-A
CCC,0.0019023985043157892,4.736325752584604e-4,0.0018281535648994515,I-A
GGG,0.0016803943331190866,7.797742211178635e-4,0.004570383912248629,I-A
TAG,0.0015709040978462748,0.0011315063342743732,0.010968921389396709,I-A
CCG,0.0010668323716590744,9.066396111688726e-5,9.140767824497258e-4,I-A
ACC,7.526288588361933e-4,3.213681452239606e-4,0.0018281535648994515,I-A
GCC,4.852383643714547e-5,1.7447551338371035e-4,9.140767824497258e-4,I-A
length,0.31552246896609887,0.1463467796263717,0.04714160070360598,I-B
gc,0.1967609196264202,0.15934166302190167,0.06068601583113457,I-B
AGG,0.0223526448891314,0.014290250913971484,0.01424802110817942,I-B
TTG,0.019230205640213518,0.06006185093387366,0.021284080914687774,I-B
palIdx,0.018168486722676187,0.031005020608934307,0.05963060686015831,I-B
ATG,0.01739204809832197,0.01806999725638343,0.01759014951627089,I-B
TTT,0.013597535296246131,0.013242651272714437,0.0297273526824978,I-B
GTT,0.01357470144632309,0.008088403621342138,0.019876868953386105,I-B
TGA,0.012445597959432404,0.0154963838417301,0.016534740545294635,I-B
CCG,0.011545007355935178,0.03660737816097242,0.005101143359718558,I-B
TCA,0.011224746222464796,0.040780437992332996,0.020228671943711522,I-B
CAA,0.011220994591178072,0.008374453666564717,0.014775725593667546,I-B
AAA,0.011134628662854406,0.013922341003998638,0.021459982409850482,I-B
CGC,0.010949823310303426,0.01657567532937571,0.010378188214599824,I-B
AAC,0.010008312190419807,0.03114722808990952,0.024802110817941952,I-B
CCT,0.009781913982038773,0.023318587620814825,0.014599824098504837,I-B
ACC,0.009737216000342828,0.006853580524604615,0.008091468777484609,I-B
TAA,0.009598159754956722,0.009403660997340036,0.019173262972735267,I-B
TCC,0.009541938208921547,0.010355646609756077,0.01424802110817942,I-B
CGT,0.00941054144484193,0.007587125743075063,0.008267370272647317,I-B
AAT,0.009330785986784417,0.009120244447358563,0.025857519788918207,I-B
GGG,0.009303419241308118,0.009595900904966382,0.013896218117854001,I-B
CTT,0.009108342828822731,0.008028727298261939,0.016710642040457344,I-B
CAC,0.008913677067328383,0.00884988165173621,0.013016710642040458,I-B
GCG,0.008661018656100887,0.011115859138213944,0.0079155672823219,I-B
GGA,0.008639436214588818,0.007433946514189711,0.012313104661389622,I-B
ACG,0.008185871121023883,0.007933854332078698,0.005452946350043976,I-B
GAT,0.008110475179642623,0.0069328350631519715,0.011785400175901494,I-B
TGT,0.008048459623266677,0.00841107126717623,0.013368513632365875,I-B
CTA,0.007782975224590006,0.0065775572021974415,0.0177660510114336,I-B
ATT,0.007582931456032093,0.010070189796827986,0.023218997361477572,I-B
ATC,0.007509132266873024,0.019400368790271637,0.015303430079155673,I-B
TTC,0.00733103002428599,0.006964603043996098,0.018293755496921724,I-B
AGA,0.007188493756997555,0.00834407419206539,0.010729991204925241,I-B
CCC,0.007067638665737217,0.013627065544587421,0.011433597185576077,I-B
GTG,0.00665021280055264,0.012754265391457404,0.00932277924362357,I-B
GAA,0.00655117574828177,0.006737326066543257,0.016358839050131926,I-B
TTA,0.006434581190711566,0.011954413560440918,0.01864555848724714,I-B
TAT,0.00635223320821232,0.007028394571501232,0.021108179419525065,I-B
ATA,0.006246425333085349,0.009125742556379626,0.018469656992084433,I-B
GGC,0.00535043324872804,0.00466150859561102,0.00474934036939314,I-B
AAG,0.005280924878587939,0.0066363538508913324,0.015479331574318382,I-B
TCT,0.005200921709908932,0.006732836231780948,0.019525065963060684,I-B
GCC,0.005098863898111128,0.008757696094133462,0.007563764291996482,I-B
CAT,0.00503968588591873,0.007505354225214606,0.015303430079155673,I-B
TGC,0.0050066177886944644,0.00441322788728647,0.010026385224274407,I-B
GTC,0.004596104676383123,0.005971558845054431,0.006860158311345646,I-B
TAG,0.004524097817765573,0.004917617947422588,0.015303430079155673,I-B
CTC,0.004404261566271205,0.004821457259583601,0.01723834652594547,I-B
GCA,0.004336465842525179,0.004590357984027717,0.008267370272647317,I-B
TAC,0.004324259086149815,0.008076021058999133,0.013896218117854001,I-B
GAC,0.004289958618611695,0.007247957897546739,0.006156552330694811,I-B
TGG,0.004242308762807549,0.0030283851516318947,0.008795074758135445,I-B
CGA,0.0036262318214611306,0.006002465105738878,0.007211961301671064,I-B
CTG,0.0034830172747173254,0.003909282121491899,0.007036059806508356,I-B
AGC,0.003324969707241484,0.004524628314203359,0.005452946350043976,I-B
CCA,0.0033184333515547566,0.007748805535297281,0.007563764291996482,I-B
GGT,0.003256573962291871,0.0037266806919485826,0.008091468777484609,I-B
TCG,0.0031389106544587207,0.0032359364339984036,0.008091468777484609,I-B
GAG,0.0030528270648203875,0.005642490078854366,0.00932277924362357,I-B
GTA,0.003010017181666475,0.005329461229915426,0.011785400175901494,I-B
AGT,0.002876933245814994,0.004114526046437131,0.008970976253298154,I-B
ACA,0.0028108841121861606,0.003177065114388308,0.006860158311345646,I-B
CAG,0.002719319659213836,0.004063771474837803,0.004573438874230431,I-B
GCT,0.002375731175484567,0.0016325802491269086,0.00474934036939314,I-B
ACT,0.001668258957837846,0.005977441534055522,0.008619173262972735,I-B
CGG,0.001446782087439768,0.0026790948711526725,0.0036939313984168864,I-B
length,0.6988364311900924,0.38541216010621193,0.088379705400982,I-C
gc,0.0765979851739769,0.07507092194231495,0.05291871249318058,I-C
CGC,0.015248844870666956,0.02616404658679777,0.02127659574468085,I-C
CGA,0.01129635091176509,0.01372357339932134,0.019639934533551555,I-C
AAG,0.011099987997657228,0.011494750110016804,0.012002182214948172,I-C
GCG,0.011038852548320707,0.03208902437194435,0.025095471903982543,I-C
CAC,0.010906072484847,0.05439155904614175,0.027823240589198037,I-C
palIdx,0.007053746277549446,0.01595472808454471,0.05564648117839607,I-C
TAG,0.006934856040864549,0.005191405177637731,0.008183306055646482,I-C
GTG,0.006593935322569707,0.016289115590187198,0.03873431533006001,I-C
TCC,0.006592238821752609,0.022179006719311393,0.019639934533551555,I-C
ACG,0.006380838631074139,0.013376775810765325,0.01800327332242226,I-C
CCC,0.006303617702427249,0.0474890933067248,0.02618657937806874,I-C
TCG,0.006114428313774374,0.013489952695139536,0.013638843426077468,I-C
CAA,0.006055992739589933,0.0025715478694337698,0.01309328968903437,I-C
ACA,0.006007016390762665,0.005942614621771363,0.0070921985815602835,I-C
TTT,0.005872089138293593,0.00791833337825449,0.02236770321876705,I-C
CGG,0.005372275601222141,0.03937318611563508,0.011456628477905073,I-C
GCT,0.004523164232221609,0.0021376844983581485,0.009274413529732678,I-C
TCA,0.004479200289752797,0.0031686057029205105,0.014184397163120567,I-C
AAT,0.003907877739476914,0.004764122254104265,0.012002182214948172,I-C
GGG,0.003808897115750957,0.021739581196496674,0.020731042007637753,I-C
CCG,0.0037686329063603323,0.018057773967971903,0.013638843426077468,I-C
GTT,0.0037022176204813033,0.006674933638567196,0.012002182214948172,I-C
GCA,0.003668282327519209,0.007823955299684398,0.022913256955810146,I-C
TCT,0.0036087015672997295,0.007243727144080354,0.020185488270594652,I-C
CCA,0.0030296125142807093,0.00895229290811035,0.010911074740861976,I-C
TTG,0.0028185343045769354,0.006411035300971735,0.012002182214948172,I-C
GCC,0.0028164104501092802,0.004307655015485278,0.014184397163120567,I-C
CTC,0.0027532377739070326,0.005840707243834894,0.02127659574468085,I-C
AAA,0.002701860028657082,0.0029794452115773197,0.015275504637206765,I-C
AAC,0.002525021234047399,0.008401316255772003,0.011456628477905073,I-C
GGA,0.0024016598077171132,0.0016867246956301556,0.009274413529732678,I-C
GAT,0.00232107201342972,0.0021566045550595876,0.009819967266775777,I-C
GGT,0.002270919640389962,0.002231254697441591,0.010911074740861976,I-C
GAG,0.002179477217175161,0.002282665308244412,0.012547735951991271,I-C
TTA,0.0020688041770530797,0.008905230543893724,0.006546644844517185,I-C
AGG,0.002054727712552591,0.005856419938053959,0.01309328968903437,I-C
AGA,0.0019248001529999928,0.006655721408873957,0.009819967266775777,I-C
TGA,0.0018519235218142677,0.0016614118586585562,0.010911074740861976,I-C
TAC,0.0017410353776775179,0.002228506446451754,0.004909983633387889,I-C
TTC,0.0017201626362083346,0.002179294628171767,0.014184397163120567,I-C
ATA,0.0016787237404688679,0.0019512159389278479,0.012547735951991271,I-C
ACC,0.001667024296547598,0.003053690490209657,0.009819967266775777,I-C
GAA,0.0016211672861582641,0.0014198975633328687,0.009274413529732678,I-C
CGT,0.0016010840350300227,0.016265823954582294,0.009274413529732678,I-C
GGC,0.0015773984413748638,0.002355360370350749,0.008183306055646482,I-C
CAT,0.001494811652371364,0.0021163957116455204,0.009274413529732678,I-C
AGT,0.0014410638704403277,0.003159902652206873,0.006001091107474086,I-C
CTA,0.0013926071777113993,0.0015324680989541103,0.0070921985815602835,I-C
AGC,0.001390632393862692,0.002129361595943082,0.0070921985815602835,I-C
ATG,0.001309026777459051,0.0015358970648646686,0.010365521003818877,I-C
TGG,0.0012769071919391836,0.010781195717664227,0.004909983633387889,I-C
TGT,0.001208235084926506,0.002498233584348034,0.008183306055646482,I-C
CAG,0.001112884459717782,0.001276172465712963,0.007637752318603383,I-C
TAT,0.0010655101160884604,0.0033413693516976075,0.01745771958537916,I-C
TGC,8.922486753508672e-4,0.001998759048477172,0.012547735951991271,I-C
ACT,8.102108395619695e-4,0.0014623565007692689,0.006546644844517185,I-C
GTC,7.977822607983062e-4,0.0020363332367281735,0.008183306055646482,I-C
GTA,7.891847251574302e-4,7.309316386064266e-4,0.0038188761593016913,I-C
GAC,7.555893732153011e-4,6.999051901493867e-4,0.004909983633387889,I-C
CTT,7.368343587516967e-4,0.001374117434306237,0.008183306055646482,I-C
ATC,6.2916627037988e-4,0.0014568194520673502,0.00872885979268958,I-C
ATT,6.129333907413566e-4,0.0012115700631973884,0.007637752318603383,I-C
CCT,5.971186114805016e-4,0.0015277830183217259,0.010911074740861976,I-C
TAA,3.0933442917924203e-4,5.352048295692984e-4,0.002727768685215494,I-C
CTG,2.8072802262134257e-4,0.0010807703767983612,0.005455537370430988,I-C
length,0.17480255350387222,0.34982147578110884,0.0625,I-D
gc,0.11254753843113374,0.15795216586454858,0.05337078651685393,I-D
GGG,0.05940657876687716,0.03218705735281208,0.025280898876404494,I-D
CCC,0.03648504230185185,0.041251669219923404,0.02598314606741573,I-D
AAC,0.031884798771187585,0.014572021849554905,0.030196629213483147,I-D
AAT,0.03155380565814062,0.013960152145770142,0.02949438202247191,I-D
TTT,0.025719190488556736,0.01038439866091557,0.04002808988764045,I-D
GTT,0.02387501146898403,0.007497825887386554,0.02598314606741573,I-D
CCT,0.02325326236848606,0.0027579487235911897,0.016853932584269662,I-D
GAA,0.022281056213560066,0.008897530338183492,0.021067415730337078,I-D
AAA,0.021908393435809005,0.08374846145396259,0.030196629213483147,I-D
ACA,0.020113390023443235,0.013832356624875572,0.0175561797752809,I-D
GAT,0.019831373015999403,0.005376322375098505,0.0175561797752809,I-D
TGG,0.01913065442652835,0.011878734740840648,0.016853932584269662,I-D
AAG,0.018984140490431484,0.0047967390652759985,0.018258426966292134,I-D
palIdx,0.018820265331015596,0.015087562088562446,0.042134831460674156,I-D
TTC,0.017987337274672676,0.004718199149500741,0.018960674157303372,I-D
GGA,0.016459087772858726,0.003330153698984221,0.009129213483146067,I-D
ATC,0.013305263778539465,0.0058336202769596265,0.016853932584269662,I-D
TCC,0.01307503314991345,0.018189552741086697,0.02598314606741573,I-D
TTA,0.011521143749016503,0.009481680517422679,0.025280898876404494,I-D
TAA,0.011166926147147057,0.007690679955231299,0.023876404494382022,I-D
CTT,0.010848417330382085,0.005464608344244726,0.02598314606741573,I-D
ACC,0.010470344145007865,0.006947478449511032,0.016151685393258428,I-D
AGA,0.010347226859664632,0.005877804817000517,0.014044943820224719,I-D
AGC,0.009766495837333387,0.006841023168701454,0.007724719101123595,I-D
TGA,0.009534487050913698,0.0025051489606512096,0.016853932584269662,I-D
TGT,0.009449834711990351,0.009608305061350419,0.011235955056179775,I-D
TTG,0.009366097514418187,0.005754894813882002,0.0175561797752809,I-D
AGT,0.009269735863218217,0.0050038724308014565,0.009831460674157303,I-D
CGG,0.009042400917034222,0.007133597882363016,0.007724719101123595,I-D
CAA,0.008758851605933649,0.0026884508648297944,0.012640449438202247,I-D
TCG,0.008167239697100426,0.007928410936655101,0.007724719101123595,I-D
TAC,0.008093930372838279,0.0024076582935598743,0.011235955056179775,I-D
CTA,0.007603386275113897,0.0030300422660845486,0.018258426966292134,I-D
GAC,0.007474130063502141,0.0016244271914355607,0.006320224719101123,I-D
CAT,0.007441570474338685,0.0017419351372507115,0.009129213483146067,I-D
GTC,0.007218028619757932,0.039623402610280675,0.013342696629213483,I-D
TAT,0.00712472652005958,0.002302953512026783,0.012640449438202247,I-D
CCG,0.0071021709099040814,0.0012427934352518182,0.007022471910112359,I-D
TCT,0.00705321174520018,0.0029382577959751917,0.009831460674157303,I-D
ATT,0.006815028241629925,0.010646091413959903,0.019662921348314606,I-D
CGT,0.005692305588961104,0.005473684481234306,0.0056179775280898875,I-D
GCG,0.005580683355631393,0.001957998898089476,0.0028089887640449437,I-D
TGC,0.005557261806700872,0.001874102169795381,0.0056179775280898875,I-D
GGT,0.005427664861982101,0.00215279850632831,0.007724719101123595,I-D
ACG,0.005004534623888757,0.0014005557205569795,0.004213483146067416,I-D
GGC,0.004962285578180653,0.0014736906504445716,0.0035112359550561797,I-D
CTC,0.004695408392052989,0.0023784958789427523,0.007022471910112359,I-D
TAG,0.004510349765877873,0.0018502369985248773,0.013342696629213483,I-D
CTG,0.0036682634720718965,0.0030935906582990527,0.009831460674157303,I-D
GCT,0.003564596842273305,0.0015195036546656422,0.004213483146067416,I-D
GTA,0.0034693257167569703,0.001062560412028297,0.007022471910112359,I-D
AGG,0.0034503870631332934,9.400035135796958e-4,0.006320224719101123,I-D
CAC,0.003431506724458399,0.001700436264197055,0.0049157303370786515,I-D
ATA,0.003292861748075606,0.0035401046107746887,0.010533707865168539,I-D
CCA,0.0029722323465683183,0.0013709708922093754,0.011235955056179775,I-D
CAG,0.0028570450058268927,0.001942079000111573,0.0049157303370786515,I-D
GTG,0.002649899571105956,6.430389247209084e-4,0.0014044943820224719,I-D
ATG,0.0024421027073865814,0.001845327700032774,0.007022471910112359,I-D
CGC,0.0023252983077832446,0.001753966305642957,0.0049157303370786515,I-D
ACT,0.002223353747525946,0.00287360872286943,0.009831460674157303,I-D
GAG,0.002062830586380329,0.001356442853972884,0.0049157303370786515,I-D
GCA,0.0018135764480162655,0.001265405302284296,0.0028089887640449437,I-D
TCA,0.0016969091208871715,0.001452735830399139,0.009129213483146067,I-D
GCC,0.001305057793016171,3.998552929407869e-4,0.002106741573033708,I-D
CGA,2.8509750209149257e-4,1.2134085994318945e-4,7.022471910112359e-4,I-D
gc,0.5088725506114422,0.17019732700704163,0.07303370786516854,I-E
length,0.2973894432577391,0.18470814836113017,0.06320224719101124,I-E
GGG,0.03439985134738665,0.08594026551867624,0.031835205992509365,I-E
GGA,0.027478171802748256,0.05361358932597401,0.020599250936329586,I-E
GCC,0.011792744729122305,0.022118370780841043,0.020599250936329586,I-E
CCC,0.011223781996354659,0.04471837492382778,0.04260299625468165,I-E
GTG,0.01048850516682709,0.009981685466848546,0.02949438202247191,I-E
TCC,0.007266710369830597,0.02631911155815275,0.02247191011235955,I-E
CCT,0.005915594694011444,0.011629161391333954,0.013576779026217229,I-E
TTG,0.005667028857424262,0.007695837706294441,0.011704119850187267,I-E
CAC,0.005567843620888536,0.005078168472273929,0.030430711610486893,I-E
CGC,0.005095885087370775,0.030181090398560692,0.03932584269662921,I-E
CAA,0.004884200964940893,0.019654249985620976,0.015917602996254682,I-E
ATA,0.004794089221107885,0.02666620963983479,0.012172284644194757,I-E
GGC,0.0033009999331017,0.0048357195898311115,0.010767790262172285,I-E
TAC,0.003215583361404054,0.0018191964124751076,0.008426966292134831,I-E
palIdx,0.0031340804300923402,0.05941119178876311,0.04447565543071161,I-E
CGA,0.0024610846126024775,0.021725033786590495,0.018726591760299626,I-E
GCG,0.0024084796381854835,0.0058411455139363196,0.025280898876404494,I-E
AGG,0.002133581014839885,0.010128866723948218,0.010299625468164793,I-E
CTC,0.0020643311531831224,0.007078885070272588,0.01638576779026217,I-E
ACA,0.002015184100829432,0.0037537256056997485,0.013576779026217229,I-E
CCG,0.0019387234731626972,0.0029895155852546563,0.013576779026217229,I-E
GCT,0.0019304155037696332,0.0038046447410441642,0.018258426966292134,I-E
ACG,0.0018924118736012158,0.004446822837628462,0.018726591760299626,I-E
GAT,0.0015207795965254999,0.002695717587538868,0.014044943820224719,I-E
TTA,0.0015185013109294758,0.008499537308218626,0.007958801498127341,I-E
ACC,0.0015089733661920938,0.002448393387029936,0.015917602996254682,I-E
GAG,0.001503446297136137,0.004176787139848758,0.01638576779026217,I-E
TGA,0.0014988571838270804,0.014619165027139737,0.008895131086142321,I-E
TCG,0.0014485173223850341,0.0140496084498783,0.01544943820224719,I-E
GTC,0.0013127079718445323,0.006793484560752612,0.013576779026217229,I-E
TTT,0.0011691131888648361,0.008575074648952455,0.014044943820224719,I-E
AAG,0.0011191891734884892,6.536995702990937e-4,0.006086142322097378,I-E
AAA,0.0011107326425570884,0.001752341913084934,0.006086142322097378,I-E
CGG,0.0010439307320745655,0.0049220114469725644,0.017790262172284643,I-E
TGC,0.001022339657535327,0.006672459858531772,0.010299625468164793,I-E
TTC,0.0010156045560532883,0.0034883406615520093,0.012640449438202247,I-E
AGC,0.0010014645535873744,0.00251341783086618,0.01451310861423221,I-E
TAT,9.813650918442916e-4,0.00323356402155751,0.008426966292134831,I-E
TAG,9.762774235862639e-4,0.004768442537651057,0.007022471910112359,I-E
TCA,8.601188446434129e-4,0.005734064880078928,0.007958801498127341,I-E
GAC,8.242521633326199e-4,0.01031733221284302,0.007958801498127341,I-E
CGT,7.870486788724128e-4,0.0037265819853628058,0.006554307116104869,I-E
CCA,7.782917369685394e-4,0.0019499199407069718,0.010767790262172285,I-E
ATG,7.588102483471287e-4,0.001300708580770805,0.00749063670411985,I-E
ATT,7.191555170497132e-4,0.002968244566162645,0.003745318352059925,I-E
GGT,7.130449310690327e-4,0.0019220310135748223,0.014044943820224719,I-E
AAC,7.016190379482278e-4,0.006327250169144177,0.010299625468164793,I-E
GAA,6.96379864016809e-4,9.578540522122617e-4,0.009831460674157303,I-E
GCA,6.565175167726658e-4,0.001007693330980436,0.009363295880149813,I-E
CTA,6.015334922674966e-4,0.003466676426761901,0.006554307116104869,I-E
TAA,5.754324312210157e-4,0.009279145543769414,0.009363295880149813,I-E
GTA,5.6605131960459e-4,0.0026325874692295363,0.006086142322097378,I-E
CAT,4.385932070736031e-4,9.966044057463219e-4,0.006086142322097378,I-E
CAG,3.978684824863267e-4,0.009235916234968975,0.00749063670411985,I-E
AAT,3.838482413297562e-4,0.0016050757164591614,0.003745318352059925,I-E
ATC,3.361769294197055e-4,0.0027867444910372016,0.011235955056179775,I-E
ACT,3.2074946694296243e-4,8.764317731075602e-4,0.0018726591760299626,I-E
AGT,3.0656143715354167e-4,0.0010129050944012474,0.003745318352059925,I-E
AGA,2.7948873158991505e-4,0.0015044694785678765,0.006086142322097378,I-E
TGT,2.794646732208947e-4,0.003049962424402395,0.011704119850187267,I-E
TGG,2.685965187191781e-4,0.001138128792000614,0.007022471910112359,I-E
GTT,2.666478908508505e-4,0.01033379338672466,0.009363295880149813,I-E
TCT,1.902604883005421e-4,9.24958454124046e-4,0.004213483146067416,I-E
CTG,1.4911711568911594e-4,6.13814317969299e-4,0.0018726591760299626,I-E
CTT,6.129414471180363e-5,1.327211171636282e-4,9.363295880149813e-4,I-E
length,0.4569013856787686,0.2866266860590816,0.06255430060816682,I-F
CCC,0.2276188892632381,0.044754027673906606,0.020851433536055605,I-F
GGG,0.062458084347131,0.045643746138585704,0.02519548218940052,I-F
TCC,0.04450832327127522,0.018361769662383,0.010425716768027803,I-F
GGC,0.022180705970262077,0.04428714586025086,0.026064291920069503,I-F
CTG,0.019171915081310217,0.1292613445258774,0.02780191138140747,I-F
CAG,0.014353603566899268,0.026170520231305006,0.02519548218940052,I-F
gc,0.012403343359717437,0.02040382836123568,0.05647263249348393,I-F
ATC,0.011553976664507018,0.004579119154021346,0.009556907037358819,I-F
ATG,0.008618081149540803,0.005753109490882697,0.013900955690703735,I-F
palIdx,0.007649283170268346,0.01674307051498888,0.0677671589921807,I-F
TTT,0.007298318745546689,0.007385231115245672,0.023457862728062554,I-F
CTC,0.006980240417318174,0.011505593029155785,0.02519548218940052,I-F
GGA,0.00688948975894765,0.020849602886838032,0.018245004344048653,I-F
TGC,0.006604034966201065,0.015714129667890257,0.022589052997393572,I-F
GCC,0.006150330439363712,0.011046978870328556,0.018245004344048653,I-F
GAA,0.00546589306336353,0.047978514095523776,0.028670721112076455,I-F
ACA,0.004450500324995677,0.002696791592665116,0.014769765421372719,I-F
GCT,0.004009282207832176,0.002717323397278943,0.010425716768027803,I-F
GTT,0.003773395806418282,0.004975443945892467,0.020851433536055605,I-F
AGT,0.0036463705709317115,0.018499372522310733,0.019113814074717638,I-F
TTG,0.0033785737177797,5.307262347264095e-4,8.688097306689834e-4,I-F
TGA,0.0031352766415321046,0.001892977845033514,0.016507384882710686,I-F
GAT,0.00309667329994568,0.003462014224606817,0.007819287576020852,I-F
AAA,0.002923219236091746,0.0028745495494055806,0.022589052997393572,I-F
CTA,0.0028381102780527467,0.010125927431696793,0.008688097306689836,I-F
TAA,0.0028321970408370536,0.0029647750110154366,0.01737619461337967,I-F
CGA,0.002677268753309541,0.007687962762133688,0.022589052997393572,I-F
GTG,0.0024774856000947944,0.01737525247205276,0.03301476976542137,I-F
TTA,0.0024727698909016503,0.003917300973497406,0.013032145960034752,I-F
CGC,0.00243770821757193,0.006065896623626324,0.03475238922675934,I-F
GAG,0.002199336780036281,8.16845802890059e-4,0.007819287576020852,I-F
ACC,0.0021478317250200854,6.671030842433944e-4,0.0034752389226759338,I-F
GCA,0.002010937881786135,0.007699138952665507,0.013900955690703735,I-F
TAG,0.0018971165380528574,0.004608967011997662,0.013900955690703735,I-F
TAC,0.0018714758510212756,0.010336436100258322,0.0034752389226759338,I-F
AGA,0.0018019058663702441,0.007381295301403613,0.010425716768027803,I-F
AAT,0.0017094648902011482,0.002212971158328165,0.014769765421372719,I-F
ATT,0.0013136910157623208,0.006029608793213118,0.008688097306689836,I-F
TCG,0.0012183256492443134,0.004782626726228431,0.010425716768027803,I-F
ACG,0.0010904290858771135,5.700219207575085e-4,0.006081668114682885,I-F
TCT,9.921472946640558e-4,0.0021733462085830927,0.004344048653344918,I-F
TGG,9.141497921391482e-4,8.532776671926029e-4,0.0069504778453518675,I-F
CAC,8.459656793046752e-4,0.048395350932588545,0.016507384882710686,I-F
TTC,8.013599961569545e-4,0.0010129367112233093,0.009556907037358819,I-F
CGT,7.869350363505945e-4,0.005395285687544257,0.005212858384013901,I-F
AAC,7.123465766603077e-4,0.00226381244022856,0.01737619461337967,I-F
TCA,6.549916571013588e-4,0.0016181754203769788,0.009556907037358819,I-F
GCG,6.528407085082806e-4,0.006248800155712201,0.01737619461337967,I-F
AGC,6.416295838425375e-4,0.0017770186135124934,0.007819287576020852,I-F
CCG,5.931643284999862e-4,6.125021942426649e-4,0.008688097306689836,I-F
TGT,0.00052620875928702075,7.894231113737442e-4,0.005212858384013901,I-F
CTT,5.012843199302779e-4,8.456118458787331e-4,0.004344048653344918,I-F
ACT,3.9523861263559987e-4,0.020499874366166702,0.005212858384013901,I-F
CAT,3.70621641936302e-4,0.006023201291958211,0.006081668114682885,I-F
CAA,3.677805643585095e-4,8.522476267685569e-4,0.0034752389226759338,I-F
CGG,3.5494137810333825e-4,6.287828678209559e-4,0.009556907037358819,I-F
GTA,0.00028325387081321155,0.0034588405662533675,0.006081668114682885,I-F
GGT,2.7800998289822035e-4,6.594515317455845e-4,0.008688097306689836,I-F
AAG,2.6754950054408915e-4,0.0037375100062276723,0.004344048653344918,I-F
CCA,2.593958228042787e-4,0.0011401424103072268,0.0034752389226759338,I-F
ATA,2.1551739471064243e-4,6.953478166597202e-4,0.008688097306689836,I-F
AGG,2.1435846366437862e-4,5.404778174764257e-4,0.006081668114682885,I-F
CCT,1.0347488986277397e-4,0.0010822509201905577,0.0017376194613379669,I-F
TAT,3.7828580670607203e-05,3.1270815508315105e-4,0.004344048653344918,I-F
GTC,1.3759781227472988e-5,4.2787685945601313e-4,0.0017376194613379669,I-F
length,0.22091462872999545,0.35250663105527624,0.059602649006622516,I-U
GCC,0.07781840309283031,0.04679774075285021,0.027225901398086828,I-U
gc,0.057159762086041725,0.09718984609800371,0.05224429727740986,I-U
TGA,0.055559396707694914,0.008985461873444898,0.019131714495952908,I-U
GGC,0.040853875329743,0.073270106991349,0.0235467255334805,I-U
TCA,0.03970000041830057,0.016785741061358047,0.024282560706401765,I-U
GTT,0.036915108781101914,0.010453801820949129,0.013245033112582781,I-U
AGG,0.02846946322297892,0.005468816342881493,0.011037527593818985,I-U
CCT,0.022844247627753594,0.09527200288247625,0.0235467255334805,I-U
CTT,0.0217682005570736,0.007687073029927488,0.01545253863134658,I-U
AAT,0.019906737217518525,0.0041692753128805314,0.022810890360559236,I-U
AAG,0.018032889405207073,0.005372735105556445,0.025018395879323033,I-U
TCC,0.01669875914803669,0.004061014329547757,0.016188373804267846,I-U
CTC,0.016230763759533515,0.00499491219484844,0.024282560706401765,I-U
TGC,0.01597927618343093,0.007401351061140481,0.020603384841795438,I-U
GTC,0.015630511890126566,0.0043806407631842206,0.01545253863134658,I-U
GCT,0.01499226061420381,0.005759446147454468,0.019131714495952908,I-U
palIdx,0.013874456230838762,0.01396041612309337,0.04415011037527594,I-U
ATC,0.012725862727426795,0.004269521704675313,0.012509197939661517,I-U
CGG,0.012645327734476781,0.01330851909445087,0.021339220014716703,I-U
ATG,0.01178485172105183,0.0070183619203149725,0.016188373804267846,I-U
TTC,0.010125682417466335,0.007554936080136505,0.020603384841795438,I-U
GAT,0.010027017750131711,0.005507347244272171,0.017660044150110375,I-U
CTA,0.009540583787625543,0.0013297457640620376,0.006622516556291391,I-U
CGT,0.008987670185221796,0.004685923211544622,0.01545253863134658,I-U
GGG,0.008221350568296615,0.00209223567836536,0.01692420897718911,I-U
CAC,0.007865403677520021,0.001680983659686335,0.009565857247976454,I-U
AAA,0.007621924284325287,0.002255733908118296,0.01177336276674025,I-U
GAG,0.007534323430850198,0.0028166652493660507,0.01839587932303164,I-U
AAC,0.00735047937296595,0.002275356578341919,0.01839587932303164,I-U
GAA,0.006983953914122834,0.019959886047202415,0.016188373804267846,I-U
CGA,0.00691817303975804,0.0033129973361702447,0.013245033112582781,I-U
CCG,0.006900493108635567,0.004769017759518668,0.01839587932303164,I-U
TAG,0.006723223190179794,0.002436632674522587,0.006622516556291391,I-U
GCA,0.006498715900002774,0.0036844418706421128,0.01177336276674025,I-U
CCC,0.00645789969895326,0.00360464786824562,0.01839587932303164,I-U
CCA,0.006417170585222641,0.0047886044088311435,0.019867549668874173,I-U
GTG,0.006270281041761871,0.0025738476523729284,0.0051508462104488595,I-U
TTT,0.006056247587225627,0.002103265938996273,0.014716703458425313,I-U
AGC,0.005970323238327004,0.07400431634078648,0.017660044150110375,I-U
TAA,0.005805147696770999,0.004109128177271193,0.006622516556291391,I-U
GGA,0.005647404102122577,0.0016471254343987083,0.014716703458425313,I-U
TTG,0.005343804219208207,0.0021442271029671525,0.01545253863134658,I-U
GCG,0.005333872040029558,0.0015137518827787958,0.011037527593818985,I-U
TCG,0.005047257218245463,0.004260358265006672,0.010301692420897719,I-U
CAA,0.0049544091267002145,0.0023274996163869716,0.017660044150110375,I-U
TCT,0.004885343360534672,0.0010962942028148446,0.008094186902133923,I-U
CAT,0.004879060040849453,0.019570733556439738,0.014716703458425313,I-U
ACG,0.0045386040600161005,0.00488131018951466,0.011037527593818985,I-U
ATT,0.004222813022144143,0.0014472888115801218,0.01545253863134658,I-U
AGT,0.0038293664055082314,0.0013108268814070955,0.007358351729212656,I-U
CGC,0.003718240705062301,0.001705947621515111,0.012509197939661517,I-U
CAG,0.0031893736608570203,0.0013215808633112607,0.008094186902133923,I-U
TTA,0.0030932864290768277,9.727041055617208e-4,0.0014716703458425313,I-U
GAC,0.0028748303745731304,0.0016553103535023536,0.010301692420897719,I-U
TAT,0.0028293281012724976,0.0013220972632541756,0.004415011037527594,I-U
TGG,0.002665417045795547,0.0013858627966171785,0.008094186902133923,I-U
AGA,0.002556990966984821,0.0014497918221820763,0.009565857247976454,I-U
TGT,0.0023478384096605603,1.7137533886298732e-4,7.358351729212656e-4,I-U
GGT,0.0022083902104644304,8.103586131017741e-4,0.004415011037527594,I-U
ACT,0.0019903720578964878,6.735444122704919e-4,0.003679175864606328,I-U
TAC,0.0018249550229485997,8.361068700550751e-4,0.0029433406916850625,I-U
ACA,0.0010998093456133496,7.531962591005297e-4,0.003679175864606328,I-U
ACC,0.00108665545297409,7.175142421623775e-4,0.0051508462104488595,I-U
CTG,7.97426994130814e-4,8.863410682697654e-4,0.0051508462104488595,I-U
GTA,1.9385619254431733e-4,2.9978060454570644e-4,0.002207505518763797,I-U
ATA,6.0447774057502136e-5,1.7994270827628638e-4,7.358351729212656e-4,I-U
length,0.3340493951196857,0.2148320112152487,0.04281345565749235,II-A
gc,0.1627996153566616,0.09495555515477723,0.04892966360856269,II-A
CCT,0.04016729321976508,0.0151036954911357,0.009683995922528032,II-A
CCG,0.02757969149673141,0.010515727947717813,0.0050968399592252805,II-A
GTT,0.022024316917617488,0.025892538271163525,0.0326197757390418,II-A
TGA,0.020913532234758715,0.024208191645533828,0.02089704383282365,II-A
TAC,0.01957865819751438,0.03509500851329407,0.019877675840978593,II-A
AAC,0.01923626734767623,0.022798546109826342,0.022935779816513763,II-A
AAA,0.01792748302965938,0.09250658012855112,0.046381243628950054,II-A
ACC,0.01748087191053381,0.003540721711400804,0.007135575942915392,II-A
TCT,0.016540024433708334,0.03536417345644411,0.027522935779816515,II-A
ATT,0.015738970157540152,0.010097130818283175,0.023955147808358817,II-A
AAG,0.015696895929111034,0.025392590922387968,0.014780835881753314,II-A
TCA,0.014456586083926175,0.0190139359730635,0.016819571865443424,II-A
GGA,0.013782827587514774,0.0034693145160343965,0.00764525993883792,II-A
AGG,0.012750542803712581,0.011836988612042578,0.014780835881753314,II-A
CCC,0.011935339121110259,0.007786867466274692,0.00815494393476045,II-A
AGT,0.011452329683805133,0.02351691983844368,0.019367991845056064,II-A
GTA,0.010749061204328912,0.007779210368592684,0.02854230377166157,II-A
TTA,0.010409362324256074,0.025727392579332053,0.02089704383282365,II-A
TTG,0.010248108642572045,0.019073722157138845,0.022935779816513763,II-A
AGA,0.009946040970735766,0.005933630862019009,0.022935779816513763,II-A
ACT,0.009318696280389949,0.014039637795261972,0.01529051987767584,II-A
CAT,0.00845742913491061,0.00313508152212961,0.0163098878695209,II-A
GGC,0.008089501695249487,0.00576285679870234,0.0045871559633027525,II-A
palIdx,0.008084674308538261,0.054086073750365955,0.0417940876656473,II-A
TTT,0.007824355560191237,0.014135616708853811,0.040265035677879715,II-A
ATC,0.007800860875920561,0.014987700898618698,0.013251783893985729,II-A
TAA,0.007545483970429534,0.009107722117203456,0.022426095820591234,II-A
AAT,0.007280054569880355,0.008360636647258779,0.019367991845056064,II-A
GAG,0.0058608621893000675,0.003910659459883531,0.014271151885830785,II-A
GAA,0.005649168308055831,0.006006339023405802,0.013251783893985729,II-A
GCA,0.0052421124254564445,0.0014383820118632313,0.003567787971457696,II-A
TCC,0.004843678586738886,0.005632956922192242,0.011722731906218144,II-A
ATG,0.004781967253500832,0.010657950499839136,0.012232415902140673,II-A
CAG,0.0046384875083444466,0.0029677425674922925,0.0025484199796126403,II-A
ACA,0.004607947018112785,0.0033984059791336793,0.01529051987767584,II-A
TGT,0.004374179819705894,0.003236801121033327,0.01580020387359837,II-A
CTT,0.004244918122554511,0.005788378470765749,0.013761467889908258,II-A
CTG,0.003917437192117531,0.014420479629658653,0.013761467889908258,II-A
GCT,0.003879780243924734,0.003965994665856099,0.0163098878695209,II-A
CTA,0.0037085015571658077,0.005404388312180489,0.01783893985728848,II-A
ACG,0.0036407191284857374,0.0028476994015273448,0.0025484199796126403,II-A
TGC,0.0034747485271973883,0.004347429432354034,0.009683995922528032,II-A
GTC,0.0034539101408447717,0.002143606040200241,0.008664627930682976,II-A
TAT,0.002766620470296743,0.0036156602186458984,0.012232415902140673,II-A
CTC,0.0027613675393694413,0.004779966956813011,0.013251783893985729,II-A
GAT,0.002735020709797512,0.005135613728567989,0.01580020387359837,II-A
TTC,0.0024982565088864195,0.005574759678139086,0.0163098878695209,II-A
GGG,0.0024931117923087972,0.00381849527741758,0.0056065239551478085,II-A
TAG,0.002205335278567775,0.0023481256920744745,0.01580020387359837,II-A
GCG,0.002100623967976809,0.00319860839691119,0.0030581039755351682,II-A
CCA,0.002038679417760303,0.012003802571672112,0.0061162079510703364,II-A
AGC,0.001931992372594486,0.0013319573834998254,0.00815494393476045,II-A
CGT,0.001538307692830977,0.0036859828429804467,0.0020387359836901123,II-A
CAA,0.0014587750292369057,0.0030756202997901804,0.012232415902140673,II-A
ATA,0.0012547751633107678,0.003394522258054356,0.016819571865443424,II-A
GCC,0.0012518459135656558,0.004292382702702503,0.0030581039755351682,II-A
TGG,0.0011892548311694471,0.0010714959561401503,0.009683995922528032,II-A
GAC,0.0010417457259409694,0.0015420857631268387,0.006625891946992864,II-A
TCG,9.531911973424453e-4,2.9093872473891935e-4,0.0015290519877675841,II-A
CAC,9.416811972856225e-4,9.16171905436488e-4,0.004077471967380225,II-A
CGG,9.314286073466634e-4,0.0017120706122267086,0.0010193679918450561,II-A
GGT,7.342861616225189e-4,0.0015986806219293222,0.009174311926605505,II-A
CGA,5.462490487018353e-4,8.322761431484381e-5,0.0010193679918450561,II-A
GTG,4.134272499638042e-4,0.00105660151983615,0.006625891946992864,II-A
CGC,3.133593418349824e-5,0.0012502357404956164,5.096839959225281e-4,II-A
length,0.1428205004639902,0.25032771429092343,0.0756578947368421,II-B
palIdx,0.10208325142639499,0.00728229382465754,0.0756578947368421,II-B
ACT,0.06273458113924159,0.024187788918806987,0.04276315789473684,II-B
TGA,0.06000300451257601,0.0014467089041167343,0.03618421052631579,II-B
gc,0.050690110293588934,0.00532424786240515,0.05592105263157895,II-B
AAT,0.04986622365778915,0.21611607509282985,0.04276315789473684,II-B
GGT,0.04623502888050251,5.054410337713276e-4,0.003289473684210526,II-B
CTG,0.0398721120448919,0.0047387370598984966,0.039473684210526314,II-B
TTG,0.036903943758051366,4.8592632744416653e-4,0.009868421052631578,II-B
TGG,0.036421145212221284,0.12625405781574373,0.03618421052631579,II-B
AAC,0.029050932268661987,0.01570482635378277,0.03618421052631579,II-B
TAT,0.028531661330723563,4.1889726117959146e-4,0.013157894736842105,II-B
GAT,0.026615897391626384,0.003138513524950346,0.01644736842105263,II-B
ATC,0.02592982217355546,0.15051472182111164,0.03618421052631579,II-B
GGA,0.02396475920682983,0.0022036846485588364,0.009868421052631578,II-B
CCA,0.022076296957869442,0.11221842277470158,0.02631578947368421,II-B
CTA,0.020900690185128336,0.013930735151003624,0.013157894736842105,II-B
GTA,0.019488528504010512,4.6954627881880533e-4,0.006578947368421052,II-B
TAA,0.019226446392107653,0.019878989687636316,0.03618421052631579,II-B
CAG,0.01760497742205549,4.1690516162708804e-4,0.003289473684210526,II-B
ATA,0.017094802669395965,0.002139655423529229,0.03618421052631579,II-B
CTT,0.013333207292510349,4.402347491996446e-4,0.013157894736842105,II-B
AGG,0.01237366484012314,0.0022007745991478632,0.013157894736842105,II-B
AAA,0.009588919741814987,0.004814644481008296,0.01644736842105263,II-B
TTT,0.009120260312067398,0.003951538049570661,0.04276315789473684,II-B
AGT,0.008413362689367812,5.183546970727505e-4,0.013157894736842105,II-B
CAA,0.006900818514779948,7.714117533348105e-4,0.02631578947368421,II-B
TGT,0.006109604468253871,9.716401625672408e-4,0.006578947368421052,II-B
GTC,0.005964928141156996,4.8252233061432497e-4,0.006578947368421052,II-B
AAG,0.00560504362521434,3.0987646354659965e-4,0.006578947368421052,II-B
TCA,0.0050453560615908236,8.988472450707939e-4,0.02631578947368421,II-B
GAA,0.003642624408746595,5.159419994998587e-4,0.019736842105263157,II-B
TAC,0.0033067860826871466,4.970878467046804e-4,0.003289473684210526,II-B
ATT,0.0032911264950552643,5.032720427710135e-4,0.01644736842105263,II-B
GTT,0.0032368877903189287,8.935667676148734e-4,0.019736842105263157,II-B
TAG,0.0031696918013183525,0.013543860268336122,0.006578947368421052,II-B
GGG,0.0028839606114354887,0.001778890864889167,0.003289473684210526,II-B
TCT,0.002748743571191848,4.582961337944538e-4,0.013157894736842105,II-B
ACA,0.0022506229368683254,4.8139471379424437e-4,0.01644736842105263,II-B
CAT,0.0019216418953363413,4.92100036604378e-4,0.01644736842105263,II-B
CGG,0.0019209737691009636,6.480188800733144e-5,0.003289473684210526,II-B
AGA,0.0017891545089144508,4.5857291365680096e-4,0.013157894736842105,II-B
CGA,0.0017891280980839815,3.7782642383410334e-4,0.003289473684210526,II-B
AGC,0.001603380755880978,5.212313039517523e-4,0.019736842105263157,II-B
GCT,0.0013858881887353356,1.400587880393297e-4,0.003289473684210526,II-B
CCC,0.001367231760005383,6.145410547773874e-5,0.003289473684210526,II-B
TTA,0.001324315912833422,9.479952699463281e-4,0.006578947368421052,II-B
TTC,0.0011386977536559616,1.5343528285055813e-4,0.006578947368421052,II-B
ACC,6.592620817389923e-4,0.0050464796015970755,0.003289473684210526,II-B
length,0.42416866675660314,0.28250117864201957,0.046312949640287766,II-C
TTT,0.04604435312000728,0.0765562915084799,0.043615107913669064,II-C
gc,0.0407264353891323,0.024025116625342437,0.04091726618705036,II-C
CTA,0.03278014419912513,0.0071529092745402515,0.013039568345323741,II-C
ACA,0.020598029590182282,0.0039279426888525,0.01753597122302158,II-C
CAA,0.01836005708356989,0.15357959002192095,0.022032374100719423,II-C
AAA,0.015674302750596704,0.01210043067421235,0.029676258992805755,II-C
GAT,0.015060787937959758,0.01439466714800143,0.022032374100719423,II-C
TGC,0.015000918502752463,0.011690988033909677,0.0040467625899280575,II-C
TAG,0.013830144997388214,0.004266954555112262,0.020233812949640287,II-C
TTG,0.013183919185965145,0.03392136184787582,0.020233812949640287,II-C
AGC,0.013120510093198397,0.0079439775963038,0.017985611510791366,II-C
CTC,0.01244492716738259,0.020941439401349557,0.01618705035971223,II-C
palIdx,0.011734371895455098,0.012558062754500431,0.03192446043165468,II-C
AGG,0.011304294723146945,0.0028812123525208603,0.014388489208633094,II-C
TGT,0.010888150851448359,0.003454047683423074,0.01753597122302158,II-C
GTG,0.010800858603719383,0.002379893882460792,0.01079136690647482,II-C
TGG,0.010378100320028939,0.004250991821799175,0.012589928057553957,II-C
ATG,0.010094095251747382,0.0064423964803303445,0.011241007194244604,II-C
AAG,0.00995507398425001,0.004309586475743713,0.022931654676258992,II-C
TAT,0.009805076040285597,0.010149550052208977,0.022032374100719423,II-C
ATA,0.009344851564143901,0.010508049753154194,0.023830935251798562,II-C
GCT,0.009318962059714175,0.013379787030124674,0.019784172661870502,II-C
GAA,0.009144109045957229,0.0059274389347722485,0.018884892086330936,II-C
TTA,0.008473656040597813,0.00610990642040397,0.02158273381294964,II-C
GTT,0.008130827147493847,0.012691191364210673,0.022482014388489208,II-C
TAA,0.008107973148927045,0.0029097709962251335,0.015737410071942445,II-C
GAG,0.007917198084650627,0.029052157180321527,0.01843525179856115,II-C
TCT,0.007473802023809347,0.0030892698008047584,0.015287769784172662,II-C
TAC,0.007437674081713483,0.004401145211784679,0.013039568345323741,II-C
ATT,0.007430415696228924,0.008247759759366015,0.021133093525179857,II-C
ACT,0.007176320865711546,0.0035259964570411267,0.014838129496402877,II-C
GGT,0.007094176629810684,0.0021046629405073202,0.010341726618705036,II-C
TGA,0.007063232808534635,0.0022505445511181612,0.01753597122302158,II-C
CTG,0.0066911343254346745,0.002816014682878105,0.01393884892086331,II-C
AAC,0.006641356200443365,0.00515468530131047,0.017985611510791366,II-C
GGG,0.0066187053575318365,0.10645188193350286,0.01618705035971223,II-C
AAT,0.006557085327054435,0.0067058849854708885,0.022032374100719423,II-C
CAG,0.006365455969554053,0.002816848949136386,0.009442446043165468,II-C
CCG,0.006076355135189273,0.0025597632096489276,0.007194244604316547,II-C
CCC,0.005995158256406448,0.006416233644762037,0.017985611510791366,II-C
CAT,0.005915344842187273,0.002012547588985049,0.008093525179856115,II-C
ATC,0.0058106431487922215,0.007164805296813456,0.012589928057553957,II-C
CCA,0.005700897060248411,0.004877921107293932,0.006744604316546762,II-C
TTC,0.00559637393909125,0.0035026069774260825,0.01933453237410072,II-C
GTC,0.005594269302289553,0.0026247595101858787,0.008093525179856115,II-C
TCC,0.005301462530738543,0.001064945603377856,0.007643884892086331,II-C
CTT,0.005241333597549747,0.0038577261506110953,0.013489208633093525,II-C
AGA,0.0041318620568926425,0.0021888647369666917,0.015737410071942445,II-C
GCA,0.004013913805174826,0.0041953596806796134,0.0040467625899280575,II-C
CGG,0.00383903488944126,0.002177334798344965,0.009892086330935251,II-C
GCG,0.003643356251546063,0.0031675691283646777,0.0044964028776978415,II-C
CCT,0.003551116668177156,0.0063293287225564725,0.009892086330935251,II-C
CGC,0.0034480584653512115,0.0030772329756779794,0.0049460431654676255,II-C
TCA,0.0034313397572357544,0.002827706309234135,0.011690647482014389,II-C
GAC,0.003335286989413819,0.0013038331716908806,0.006294964028776978,II-C
TCG,0.0027090636783119034,0.0013758086823716712,0.005845323741007194,II-C
GGA,0.0024507079545443003,0.0014264592928597778,0.007643884892086331,II-C
ACC,0.0020722488418622254,0.003509999515500286,0.008992805755395683,II-C
GTA,0.0020336139389489686,0.0017473907177397736,0.015287769784172662,II-C
GGC,0.001521886286879557,8.457184780645922e-4,0.0044964028776978415,II-C
CGT,0.0011356618773598857,3.1931272593580255e-4,8.992805755395684e-4,II-C
CAC,0.001065913754774413,8.600442744427869e-4,0.00539568345323741,II-C
ACG,0.0010582456452836353,6.686335177784161e-4,0.0022482014388489208,II-C
AGT,8.825785876017553e-4,8.978540134825514e-4,0.005845323741007194,II-C
GCC,7.521626371959131e-4,0.0011359614871010273,0.0035971223021582736,II-C
CGA,7.519552802553558e-4,2.9269290906254464e-4,0.0017985611510791368,II-C
length,0.08416859233459326,0.12616473527111116,0.047244094488188976,III-A
GGT,0.0584660497981311,0.06131651887908314,0.012092238470191226,III-A
CTC,0.05098347280882177,0.007796390888503828,0.015748031496062992,III-A
TCT,0.04738163211044151,0.027988278566045303,0.016029246344206972,III-A
gc,0.044526985830838424,0.05702188653703065,0.0610236220472441,III-A
CCC,0.042866846291135095,0.02798223052266835,0.021934758155230598,III-A
AAA,0.030077317922202598,0.026556543038168578,0.02699662542182227,III-A
TTT,0.027953707058389322,0.035357784620323476,0.0343082114735658,III-A
ATA,0.02620748822392617,0.024199019204513596,0.016310461192350956,III-A
CCT,0.023383517482700848,0.01522639315573282,0.016591676040494937,III-A
TCC,0.021915564995956493,0.036520552268584,0.01968503937007874,III-A
CGA,0.020252028842778706,0.014276696590506852,0.005905511811023622,III-A
palIdx,0.020119417667597832,0.02261262856618172,0.05568053993250844,III-A
AGA,0.019613185351128905,0.012341343258557208,0.01940382452193476,III-A
GGG,0.019578055695217013,0.023490858816251514,0.014341957255343082,III-A
GCG,0.019493857922126857,0.047767826047433015,0.0044994375703037125,III-A
GGA,0.019174108962205692,0.0273310853722462,0.02221597300337458,III-A
TAT,0.017428426052716568,0.0076307603261935334,0.0171541057367829,III-A
GTT,0.016471916833298753,0.041461246986720955,0.02109111361079865,III-A
TCA,0.015139799301074165,0.008297275130811143,0.017716535433070866,III-A
TTC,0.01507667566586484,0.015427106161058917,0.021653543307086614,III-A
TAA,0.014034503985210015,0.013247920393071969,0.02080989876265467,III-A
TTA,0.014015296761775889,0.005991201959210642,0.020528683914510685,III-A
ATT,0.013899028332987916,0.017476300811006505,0.021372328458942633,III-A
AAT,0.013854609512251967,0.022852709768627435,0.025871766029246346,III-A
CAC,0.013736229319250727,0.016308311460726886,0.007592800899887514,III-A
TCG,0.012864846113546465,0.005781157464876493,0.009561304836895388,III-A
TGT,0.012685436753955216,0.006904162089524601,0.012092238470191226,III-A
CAA,0.012220538871622942,0.016275902157605812,0.019122609673790775,III-A
ACG,0.010962748500383356,0.0026676848660127455,0.005061867266591676,III-A
CCG,0.01076767644718571,0.004974834581321091,0.008717660292463443,III-A
GTC,0.010541691171321746,0.00997801981172843,0.012092238470191226,III-A
CTT,0.01034038828645645,0.011184474674436257,0.0171541057367829,III-A
ATC,0.009648508663964986,0.00751314823314263,0.016310461192350956,III-A
TTG,0.009614710801305324,0.016756546094963357,0.015185601799775027,III-A
GAC,0.009388224511963429,0.00972907957795487,0.00843644544431946,III-A
GAT,0.00914682060492638,0.0036065708706401116,0.014623172103487065,III-A
GCA,0.009061226673761106,0.004627097819944521,0.00984251968503937,III-A
CGT,0.008444385431469352,0.0053572637390354875,0.0064679415073115865,III-A
ACC,0.008428117556808947,0.0017455913571803796,0.00703037120359955,III-A
ACA,0.008320759337776908,0.0033274716145068684,0.009280089988751405,III-A
CTG,0.007772264462359923,0.00506338935541953,0.008998875140607425,III-A
AAG,0.007752251900514336,0.008606617459142674,0.015748031496062992,III-A
CTA,0.007541188225987952,0.00645760004272429,0.014623172103487065,III-A
CGC,0.007030125455406479,0.009235207088080476,0.005061867266591676,III-A
GTG,0.00674807853910544,0.014985315027358993,0.008717660292463443,III-A
ATG,0.006714296974798163,0.004413264590169839,0.00843644544431946,III-A
GAA,0.006582102712880466,0.0053643902065522615,0.016310461192350956,III-A
AGG,0.0064639174239542185,0.011251439700686004,0.012092238470191226,III-A
AGT,0.006349751707336033,0.002487289938239844,0.008717660292463443,III-A
CAT,0.006290447563790718,0.0048760943637425475,0.0140607424071991,III-A
ACT,0.005908719694222011,0.005530502000396617,0.007592800899887514,III-A
GAG,0.005760359309978916,0.0024773704441828233,0.010686164229471317,III-A
AAC,0.005735291563271174,0.0036875477662141483,0.01968503937007874,III-A
CAG,0.005147902546615856,0.002258756316249547,0.007592800899887514,III-A
TAG,0.0049217702001331295,0.003961802867780253,0.010123734533183352,III-A
CCA,0.004835114753146026,0.0030829330128849084,0.007311586051743532,III-A
TGG,0.004790038575396769,0.01588886447119851,0.00984251968503937,III-A
GCT,0.00443654901251676,0.005741497031791779,0.006186726659167604,III-A
GTA,0.004303084257493326,0.012076365737450351,0.007874015748031496,III-A
TGA,0.004188317102729993,0.0039351457884297175,0.0140607424071991,III-A
AGC,0.003954047241709867,0.0037328588514926376,0.005905511811023622,III-A
CGG,0.0036440113032075025,0.001451624710656987,0.005343082114735658,III-A
TGC,0.0029246516699182948,0.002080698464924348,0.006186726659167604,III-A
GCC,0.0028256898082028178,0.0019485881270756098,0.00421822272215973,III-A
TAC,0.002587297365736475,0.004461953809385964,0.007592800899887514,III-A
GGC,0.0025383358405166156,0.0018702732745263118,0.0022497187851518562,III-A
length,0.10700263740527115,0.13752208990602566,0.04369440083725798,III-B
gc,0.07209230498031338,0.12420827037760267,0.06017791732077447,III-B
palIdx,0.03964477434234855,0.046836215410615174,0.06881214024071167,III-B
GAA,0.026301889813305685,0.028482501311167793,0.02328623757195186,III-B
TAA,0.026017550095574465,0.010651548319121365,0.019623233908948195,III-B
AAG,0.02396587068778668,0.026208262404974706,0.02040816326530612,III-B
AGA,0.023901843771826775,0.03790139042167913,0.022239665096807953,III-B
TCG,0.023530250465647416,0.03351568008801273,0.012558869701726845,III-B
AAA,0.023243755708174236,0.012318631698678596,0.029042386185243328,III-B
CAA,0.023231158322711776,0.012551229835391396,0.011250654107796965,III-B
TTC,0.022690318079743838,0.020695958772002743,0.020931449502878074,III-B
CTT,0.021864861669006558,0.01281188717601632,0.019099947671376242,III-B
TTT,0.021118578000040113,0.012381435460431578,0.03322867608581894,III-B
TTA,0.02039437414875695,0.010316040908429686,0.02040816326530612,III-B
ATT,0.019952349257153827,0.00772071929501137,0.01936159079016222,III-B
CCA,0.019882655176090773,0.006438625762360172,0.01098901098901099,III-B
TAG,0.019025585213968632,0.04430040284660032,0.01543694400837258,III-B
TCC,0.017915905716028357,0.0269651081408677,0.015698587127158554,III-B
TCT,0.017520575715251018,0.005875799136503599,0.013082155939298797,III-B
GTT,0.017245141957921564,0.007294697901336542,0.01726844583987441,III-B
AAC,0.016300344297369856,0.011301497330318619,0.01726844583987441,III-B
GGA,0.01623353191973373,0.019519081990258546,0.010727367870225013,III-B
CAG,0.01508860555285577,0.005302352806216619,0.009419152276295133,III-B
AGG,0.014763967994662999,0.010861154429631847,0.012558869701726845,III-B
CTA,0.01442895603976538,0.010010390400211525,0.018838304552590265,III-B
CCT,0.013988412580038183,0.011336453636575579,0.018838304552590265,III-B
TGA,0.013791288662451676,0.009774489957661368,0.016221873364730507,III-B
CCC,0.013719139923260947,0.008608850087025733,0.0141287284144427,III-B
TTG,0.013613281539558356,0.01392255073506636,0.015698587127158554,III-B
CGA,0.011997587796070677,0.021698321663337485,0.01098901098901099,III-B
AAT,0.01197694545631585,0.007355379017495327,0.01805337519623234,III-B
TGT,0.011175874944263118,0.005362364921434124,0.010465724751439037,III-B
TAT,0.011168705081292408,0.01440906177941132,0.021716378859236003,III-B
TCA,0.011151657915113175,0.0072932496307479035,0.016221873364730507,III-B
ATC,0.010835469579209537,0.012106628762210072,0.013867085295656724,III-B
GCT,0.010507109056201502,0.008249713336615068,0.009419152276295133,III-B
TGG,0.010347478797930298,0.005578858945782415,0.008110936682365254,III-B
AGT,0.010255965675817973,0.004858450729917365,0.013082155939298797,III-B
GAT,0.00981344561152957,0.006194958282944107,0.010727367870225013,III-B
GGC,0.009750032868197627,0.013452215095397263,0.008110936682365254,III-B
AGC,0.009294385186975944,0.011580415654737948,0.009942438513867086,III-B
CTC,0.009266763829084439,0.008022025011492292,0.013082155939298797,III-B
GTA,0.009236315521362028,0.005945331746561063,0.009157509157509158,III-B
TAC,0.008940258897327103,0.0033478491876329027,0.008110936682365254,III-B
ACA,0.008551760507519478,0.00700793688925269,0.009157509157509158,III-B
GGG,0.00802949845084716,0.008365146934313084,0.007849293563579277,III-B
ATA,0.007530563023467069,0.004772011156155172,0.016483516483516484,III-B
CTG,0.007477562161199279,0.0044356087712429815,0.006017791732077446,III-B
CGG,0.007054362644462462,0.0017431690819506465,0.003924646781789639,III-B
CAT,0.006863179671378828,0.003121556410976117,0.01726844583987441,III-B
CAC,0.006658945647283301,0.0067783269479262075,0.00837257980115123,III-B
CGC,0.006583893808746021,0.009531038961933214,0.007587650444793302,III-B
GTC,0.006363918733414646,0.0035275510482654752,0.008634222919937205,III-B
GAG,0.006322377875265047,0.004611906869381604,0.01098901098901099,III-B
GTG,0.005815691531028007,0.01143190836459553,0.011250654107796965,III-B
TGC,0.005806371557711385,0.018996921890661763,0.008895866038723181,III-B
GCA,0.0052364068121288545,0.0025054172375759457,0.007849293563579277,III-B
ATG,0.005216295282568278,0.00671720860833675,0.01020408163265306,III-B
GCC,0.00514517886459812,0.0011747397554718866,0.003924646781789639,III-B
GGT,0.004830116937956077,0.001720105492927106,0.004709576138147566,III-B
GAC,0.004554197969771239,0.0064997769440892925,0.008110936682365254,III-B
ACT,0.003953222332526877,0.022042759783423776,0.010465724751439037,III-B
ACG,0.0035689253496015826,0.004469989231774625,0.0052328623757195184,III-B
CCG,0.0031717772953970334,0.002392052378714015,0.0057561486132914706,III-B
CGT,0.0028513663485173783,0.0014582828250770514,0.006541077969649398,III-B
ACC,0.002523324539859032,0.0014854397632642958,0.004709576138147566,III-B
GCG,0.0017031574014429814,0.004123004341178718,0.004709576138147566,III-B
palIdx,0.07893362453295233,0.18952104344400522,0.11714975845410629,III-C
GTT,0.04972268645220015,0.11544593772181423,0.020531400966183576,III-C
CTA,0.04767866021377155,0.01064571310938955,0.030193236714975844,III-C
gc,0.047593956948363055,0.014345905030658102,0.04830917874396135,III-C
length,0.04294192736780823,0.05167951990934206,0.030193236714975844,III-C
ATC,0.0383019495710723,0.012143526743216195,0.021739130434782608,III-C
CTT,0.03591583688336133,0.013729787960111768,0.024154589371980676,III-C
ATT,0.03546535866587412,0.0015571850822291896,0.012077294685990338,III-C
AGG,0.03324439687888191,0.1003599763295779,0.027777777777777776,III-C
TAA,0.03307283713737142,0.010740897649058534,0.020531400966183576,III-C
TTG,0.031943082504652644,0.045951239467184685,0.014492753623188406,III-C
TTA,0.02812961390601258,0.0024521247503382208,0.014492753623188406,III-C
AAA,0.027178371822869984,0.005693601052098655,0.04830917874396135,III-C
GAA,0.02680286448407249,0.001592154621754893,0.00966183574879227,III-C
GTC,0.021273367426921957,0.12282426901215762,0.00966183574879227,III-C
GGG,0.019266640339207435,0.0036532806654767758,0.013285024154589372,III-C
GCG,0.01881158934586282,0.004478614070384583,0.0036231884057971015,III-C
CAC,0.018660712087171193,0.0025304969531316176,0.024154589371980676,III-C
GTG,0.01744876872732742,0.002259150262054467,0.014492753623188406,III-C
TCC,0.016944557933941274,0.020828319869197438,0.021739130434782608,III-C
TTT,0.016924993578470077,0.0042763168636634616,0.028985507246376812,III-C
TTC,0.01683375997003831,0.002574116482922619,0.007246376811594203,III-C
GAG,0.0165477425335137,0.0010735461384176518,0.008454106280193236,III-C
TCT,0.015719879980237318,0.0044547226220744635,0.033816425120772944,III-C
GCT,0.015345180859955137,0.002987254259217507,0.012077294685990338,III-C
AGA,0.01494777901100976,0.006725177419557878,0.03140096618357488,III-C
AGC,0.014821833078233747,0.0010199694243204348,0.00966183574879227,III-C
TAT,0.014680892135510593,0.0034053323444376673,0.01570048309178744,III-C
TAG,0.014344014629667818,0.0020681627751099984,0.013285024154589372,III-C
CGA,0.014020356155584229,0.0015954706695874353,0.006038647342995169,III-C
CCT,0.013231058326274813,0.007077749536121913,0.016908212560386472,III-C
TCG,0.013093781457232109,0.0024168802911584807,0.010869565217391304,III-C
GAT,0.01171419772812987,0.006006244515318839,0.014492753623188406,III-C
CTG,0.010515789538580804,0.0017967704262562437,0.010869565217391304,III-C
TGC,0.009989317925886934,0.002983242308655525,0.010869565217391304,III-C
AAT,0.009755709416486772,0.002048204173521782,0.012077294685990338,III-C
ACG,0.008624717709515856,9.613055950528874e-4,0.008454106280193236,III-C
CGC,0.00703564400526072,0.0019058969246795194,0.0024154589371980675,III-C
AGT,0.006857984425820965,0.0011462145777534917,0.010869565217391304,III-C
GGT,0.006670191650529323,0.001779498665592189,0.007246376811594203,III-C
TGT,0.006553625193947798,0.0022792079190993835,0.00966183574879227,III-C
TCA,0.00653516174857536,0.002774435286392325,0.01932367149758454,III-C
GTA,0.006448841231267177,0.001530238359877533,0.013285024154589372,III-C
CTC,0.006321457460854478,0.001459895831473478,0.01570048309178744,III-C
TGA,0.006225029199136752,0.0038846733844307233,0.021739130434782608,III-C
ACA,0.005322618555282708,0.001014883471842636,0.007246376811594203,III-C
CGT,0.005085928656073907,8.222482034413366e-4,0.00966183574879227,III-C
GGC,0.004943960872949282,0.0013083593437923547,0.0024154589371980675,III-C
CAA,0.004487423694842259,6.956023560965156e-4,0.007246376811594203,III-C
AAC,0.0038678594451912254,0.0025309595486505965,0.025362318840579712,III-C
CCC,0.0037049295208936564,0.17638345069220754,0.008454106280193236,III-C
AAG,0.0033369947609891873,0.004345489571401936,0.006038647342995169,III-C
GCA,0.0030682717077438523,8.596304513879924e-4,0.0012077294685990338,III-C
CAG,0.0029700726219911372,0.001965597972874597,0.008454106280193236,III-C
TAC,0.0025091774588244468,9.016245838248191e-4,0.0036231884057971015,III-C
TGG,0.00244795927097127,8.843904847073905e-4,0.004830917874396135,III-C
ATA,0.0023349225111324408,0.0018482990597992373,0.01932367149758454,III-C
ACT,0.0013225361659285498,3.7198537047713126e-4,0.0024154589371980675,III-C
GGA,8.024846194819191e-4,0.0020473690194331667,0.00966183574879227,III-C
ATG,2.763198034634746e-4,6.578423762454696e-4,0.0024154589371980675,III-C
CAT,2.619077469924329e-4,6.401010951174776e-4,0.0024154589371980675,III-C
CCA,1.6689040783171387e-4,5.889590082465973e-5,0.0012077294685990338,III-C
length,0.09668125408101211,0.2342879514100335,0.03980801806888763,III-D
CCC,0.047070460319899976,0.03382516434010912,0.021456804065499716,III-D
GCA,0.04435174221634143,0.019499246512843682,0.010728402032749858,III-D
gc,0.033270169639282324,0.02597963603870221,0.06493506493506493,III-D
TTT,0.024132610580192868,0.011228614281704618,0.028797289666854884,III-D
palIdx,0.022391786145287838,0.029091456434504163,0.054771315640880856,III-D
AGA,0.021636597476684356,0.01959088754750674,0.016657255787690572,III-D
GAT,0.02097766120293901,0.03647041527552653,0.0189158667419537,III-D
CGT,0.019550158333937046,0.011467825296172955,0.012704686617730096,III-D
ATG,0.019261058550511363,0.007694826782071564,0.016657255787690572,III-D
TCA,0.01921392109545361,0.01030934180322301,0.020609824957651044,III-D
TAA,0.019077998635362504,0.01668506314062336,0.022303783173348392,III-D
GGG,0.019053545520904203,0.0209165396435662,0.016657255787690572,III-D
ATT,0.018997395828619312,0.014019935544981897,0.023433088650479956,III-D
ATA,0.018774515041660243,0.004213499973525346,0.010446075663466968,III-D
GCC,0.017965318620886715,0.01239000466464686,0.012422360248447204,III-D
CCT,0.017316202358106828,0.036013466469968426,0.019762845849802372,III-D
GTC,0.017163820660503825,0.02993489097266426,0.013269339356295878,III-D
TCC,0.017106933037249753,0.01636584343085421,0.014680971202710334,III-D
GAG,0.017036956249264563,0.019812170444587014,0.015245623941276116,III-D
GGA,0.015841244485035377,0.01825470688555339,0.012704686617730096,III-D
TTG,0.015257972707326444,0.032827877737745106,0.015527950310559006,III-D
GGC,0.015187106545237625,0.01642858062750026,0.007622811970638058,III-D
GCG,0.015144556381754474,0.00991850151001913,0.010728402032749858,III-D
GAA,0.014750340178761498,0.014553788063754678,0.01637492941840768,III-D
CAC,0.014630267367833362,0.004182178886322857,0.014398644833427442,III-D
CTT,0.014597925345012237,0.011408672697234518,0.01637492941840768,III-D
CGG,0.014441737290303323,0.00891233320591326,0.010446075663466968,III-D
CAT,0.01416369762183877,0.008149898153204346,0.01383399209486166,III-D
GAC,0.013517757749798612,0.01308160251837632,0.00846979107848673,III-D
TAC,0.013202969873038685,0.0051608174841640915,0.00846979107848673,III-D
TTA,0.013067576456914547,0.01240357744444349,0.022868435911914172,III-D
GTG,0.013029228112821768,0.013677459456133599,0.01383399209486166,III-D
AAA,0.012817428959725348,0.0071894980313567764,0.021456804065499716,III-D
CTC,0.012392829891089517,0.004923434196994921,0.014398644833427442,III-D
CAA,0.012387488946658278,0.017663001237886403,0.011575381140598532,III-D
ACT,0.012089060646439744,0.006610784519963949,0.011575381140598532,III-D
TTC,0.011697369836003207,0.006332534475734456,0.014398644833427442,III-D
AAC,0.011598307768695524,0.019323784219217828,0.01693958215697346,III-D
GTT,0.01150881138067702,0.004482318255709282,0.01637492941840768,III-D
TCT,0.011286266269403291,0.003924324292730569,0.012140033879164314,III-D
TGC,0.010534069762038287,0.01117324212053075,0.010728402032749858,III-D
CCG,0.010175120535484392,0.01705605950475797,0.01129305477131564,III-D
TAT,0.00995526004535048,0.0050387599580622245,0.014116318464144552,III-D
AAT,0.009478479892034783,0.015793534635511447,0.016657255787690572,III-D
TAG,0.009263509441083147,0.0038013311463305733,0.012704686617730096,III-D
ACA,0.009238843230699427,0.0045799699516791545,0.007340485601355167,III-D
AGT,0.009210968926610634,0.0021690153754790153,0.006493506493506494,III-D
TGA,0.009119101736524393,0.004920682266246865,0.018351214003387916,III-D
CAG,0.009020109996044788,0.010405513183722601,0.010446075663466968,III-D
TCG,0.008869993202366658,0.00782710478513406,0.009316770186335404,III-D
CGA,0.00876898514123284,0.0031989993441346324,0.009316770186335404,III-D
ATC,0.008226405136615498,0.00583136314147893,0.01355166572557877,III-D
AGG,0.007964618346649915,0.009233017890660418,0.010728402032749858,III-D
CGC,0.00784890303136752,0.004514464792412496,0.009599096555618294,III-D
AAG,0.00775883157030077,0.008473757219345311,0.012140033879164314,III-D
ACG,0.007193689341941936,0.0018111744301362726,0.006211180124223602,III-D
AGC,0.006293623365244871,0.0029332302734645026,0.00818746470920384,III-D
GGT,0.005945336629471669,0.003741767571895527,0.007622811970638058,III-D
TGT,0.005597000933834611,0.004388190239875526,0.008752117447769622,III-D
GCT,0.004444394085172306,0.0046822911846193405,0.005928853754940711,III-D
TGG,0.004082419677232953,0.0026733313419148486,0.009881422924901186,III-D
ACC,0.004037726759741004,0.004506695784108933,0.005928853754940711,III-D
CCA,0.003931355429574062,0.004442992005381877,0.006493506493506494,III-D
CTA,0.003637327507797653,0.0028225476684498553,0.011857707509881422,III-D
GTA,0.003462676937620497,0.001914276189809443,0.00564652738565782,III-D
CTG,0.0023011999294964445,0.0028602340870824967,0.005928853754940711,III-D
TAT,0.1545800049642715,0.013828331918690762,0.023734177215189875,IV-A
gc,0.06942617547941049,0.00915000530701208,0.09018987341772151,IV-A
ATA,0.06409239212432888,0.014618884743320616,0.03639240506329114,IV-A
length,0.06106019060471449,0.0361810412284453,0.05379746835443038,IV-A
CCC,0.0605631451096835,0.3783872648803846,0.05221518987341772,IV-A
GGG,0.05853265936769463,0.01666779514152417,0.0490506329113924,IV-A
TAA,0.05474088034806517,0.008301011539564706,0.03322784810126582,IV-A
TTA,0.04290154437086315,0.011526913530129223,0.02531645569620253,IV-A
TCC,0.024726740604941448,0.008864012078604119,0.023734177215189875,IV-A
GCG,0.02335690894874938,0.003276339083950668,0.014240506329113924,IV-A
GCT,0.0233518519316126,0.0033834859778114628,0.0189873417721519,IV-A
GGT,0.022750180174986562,0.0014019149656048964,0.012658227848101266,IV-A
CTT,0.022327520334781737,0.0073403234441604065,0.020569620253164556,IV-A
palIdx,0.019314156426421522,0.013846038207860394,0.04588607594936709,IV-A
GTG,0.01806333659656087,0.03154061171558595,0.01740506329113924,IV-A
TGG,0.017927836440392475,0.20207181855955195,0.012658227848101266,IV-A
CGA,0.01761980137053388,0.001615522579577381,0.004746835443037975,IV-A
CGG,0.01599693486720804,8.573224308307838e-4,0.007911392405063292,IV-A
GCA,0.015988274707559817,0.007577416370092292,0.023734177215189875,IV-A
TTC,0.015868416305706335,0.0025438127699222947,0.0189873417721519,IV-A
AGA,0.014094064426447653,0.0014569099830186768,0.007911392405063292,IV-A
GCC,0.01269481202160281,8.812052936052355e-4,0.011075949367088608,IV-A
TGA,0.012568231980133023,0.005745310867862457,0.012658227848101266,IV-A
CGC,0.011273652450521818,0.05616947324791578,0.023734177215189875,IV-A
GGC,0.010084038391868813,0.0014216336653164088,0.014240506329113924,IV-A
AAC,0.008976461343176485,0.006226347727233278,0.01740506329113924,IV-A
TTG,0.008443379651945613,0.07826080585187573,0.012658227848101266,IV-A
TCA,0.007513604976222234,0.0011772401681591886,0.023734177215189875,IV-A
GAA,0.007478582601078444,6.052806837340696e-4,0.012658227848101266,IV-A
TCG,0.007364591400682375,8.915374928448992e-4,0.011075949367088608,IV-A
CCA,0.007271899239594359,9.168604901628968e-4,0.007911392405063292,IV-A
TGC,0.007060888950687031,0.0011617457393585278,0.011075949367088608,IV-A
GTA,0.006291517559663504,0.0023489393367563433,0.004746835443037975,IV-A
ACC,0.006084825337128185,5.916905740540792e-4,0.011075949367088608,IV-A
GGA,0.006017731300917001,0.0012784782974413877,0.023734177215189875,IV-A
TGT,0.005589471643555393,0.038140467157853394,0.014240506329113924,IV-A
GAC,0.005516902457919183,0.0011004295901363658,0.006329113924050633,IV-A
ACG,0.004862782142656502,0.001178054756437866,0.020569620253164556,IV-A
CCT,0.004387827730678321,0.001950576735186069,0.0031645569620253164,IV-A
GTC,0.004165674775793669,1.5452407352355146e-4,0.0031645569620253164,IV-A
CAC,0.0036607326998807418,0.0014663979760460505,0.012658227848101266,IV-A
GAT,0.0036240317450263407,0.0010732875177352932,0.014240506329113924,IV-A
AAT,0.0032449999100288497,5.421082488083638e-4,0.011075949367088608,IV-A
ACA,0.0032405222244749994,0.003002630756036056,0.012658227848101266,IV-A
GTT,0.003124490775007846,0.009062256958832072,0.012658227848101266,IV-A
CGT,0.002928582695858041,1.9304233559662632e-4,0.004746835443037975,IV-A
AAG,0.0025244078842376837,0.0017443349504347042,0.007911392405063292,IV-A
CTA,0.0025130387422536435,8.529416728066645e-4,0.004746835443037975,IV-A
ACT,0.0023256313173021883,6.716980674108236e-4,0.004746835443037975,IV-A
AAA,0.0017981931716229912,3.879545869900184e-4,0.007911392405063292,IV-A
TAC,0.0013696444609822792,0.0018441502085194453,0.0031645569620253164,IV-A
CAA,0.0013480187637513752,9.798555757514413e-4,0.007911392405063292,IV-A
CCG,0.0012496045532792912,3.006657470421717e-4,0.006329113924050633,IV-A
CTG,0.001093208204279765,4.326765759097189e-4,0.006329113924050633,IV-A
TAG,0.001083936460703432,8.033756077282033e-4,0.011075949367088608,IV-A
AGC,8.643513271110581e-4,4.199288664145626e-5,0.0015822784810126582,IV-A
ATC,8.115661197292756e-4,3.622321657981478e-4,0.006329113924050633,IV-A
ATG,7.816822441104744e-4,2.4220746124301493e-4,0.0031645569620253164,IV-A
TTT,4.488312865115104e-4,2.2026617748062226e-4,0.0031645569620253164,IV-A
CTC,4.0343471232167933e-4,5.055330795867945e-4,0.004746835443037975,IV-A
ATT,3.9928609118889855e-4,3.6809070554954355e-4,0.007911392405063292,IV-A
GAG,1.2118404949705806e-4,4.266059563612694e-5,0.0015822784810126582,IV-A
AGT,8.03988905789248e-5,8.514474771792265e-5,0.0015822784810126582,IV-A
CAG,1.9189031414052836e-5,8.222641245331397e-5,0.0015822784810126582,IV-A
AGG,1.1141178088636966e-5,5.489077714512918e-5,0.0015822784810126582,IV-A
TTT,0.15323009587626524,0.013655957436837377,0.04075235109717868,V-A
TCT,0.13587473937633412,0.11509565232479516,0.06896551724137931,V-A
gc,0.11064971943675797,0.26568449132389854,0.0877742946708464,V-A
length,0.07798029351467213,0.010526382512379449,0.0438871473354232,V-A
TAG,0.06753811602487866,0.10266887319413122,0.07523510971786834,V-A
CTA,0.06404030295383012,0.2669370295390035,0.047021943573667714,V-A
AGA,0.056430148778441734,0.013511088694699861,0.034482758620689655,V-A
GAC,0.049239789613579305,0.007573457552073558,0.02821316614420063,V-A
AAA,0.037544081504765334,0.026361715084856564,0.018808777429467086,V-A
GTA,0.03296449210425925,0.003639152173141441,0.047021943573667714,V-A
TAC,0.02427608330244726,0.002073667431929467,0.03761755485893417,V-A
palIdx,0.024093369525205292,0.09530603879565414,0.0438871473354232,V-A
TGT,0.019573865702267372,0.009241477432565103,0.02821316614420063,V-A
TCA,0.018607854011314887,0.0025949109493374266,0.01567398119122257,V-A
TTC,0.011921294604107907,3.2008927633664364e-4,0.009404388714733543,V-A
TAA,0.010110897609476551,0.0014201910904208701,0.03134796238244514,V-A
TGA,0.009960240363174439,0.00120342637135972,0.012539184952978056,V-A
GAA,0.008457761106253221,9.287641715876578e-4,0.025078369905956112,V-A
ATT,0.007802480783914287,0.0061762043520395,0.0219435736677116,V-A
GTC,0.007386995740521299,0.00340393937828432,0.009404388714733543,V-A
CTT,0.007129641197970985,0.0016857450448979339,0.047021943573667714,V-A
ATA,0.006633034745886919,0.0013449253048690955,0.04075235109717868,V-A
GGC,0.006498314646349175,0.0019620996675820805,0.003134796238244514,V-A
TTA,0.00622533925977268,0.034196567683857274,0.0219435736677116,V-A
AAG,0.005981774970874239,0.0023006898249218334,0.025078369905956112,V-A
ACG,0.005704381084316874,4.049206410087732e-4,0.003134796238244514,V-A
CAT,0.004864186359880316,1.992074736059124e-4,0.003134796238244514,V-A
AAT,0.0038300735830258704,0.0015090503136326416,0.03761755485893417,V-A
AAC,0.003626924877511869,5.281922044388861e-4,0.009404388714733543,V-A
TTG,0.003322216988937638,1.5113527924141525e-4,0.003134796238244514,V-A
TAT,0.003317183168389485,7.120512326600738e-4,0.018808777429467086,V-A
ACA,0.003087155478875318,1.1910625247594597e-4,0.003134796238244514,V-A
ATC,0.0030755644914331488,1.4520410751778636e-4,0.003134796238244514,V-A
TCC,0.002950662581479931,4.956807723439306e-4,0.006269592476489028,V-A
ACC,0.0015463239567192013,1.7172929193176012e-4,0.006269592476489028,V-A
GAT,0.0011701318625635827,3.819091847173754e-4,0.006269592476489028,V-A
CAA,0.0011014544520061304,4.800436716693883e-4,0.009404388714733543,V-A
AGT,9.801692243109614e-4,0.004336188596115889,0.006269592476489028,V-A
ACT,8.36340627825319e-4,2.0332737268738096e-4,0.006269592476489028,V-A
GTT,4.365045094039217e-4,3.497169944931211e-4,0.012539184952978056,V-A
ACA,0.1958912548702198,0.43525616691944613,0.18181818181818182,V-B2
ACC,0.17104269253293658,0.3910563502968614,0.18181818181818182,V-B2
GGC,0.07887974131284241,0.010739459543954522,0.09090909090909091,V-B2
palIdx,0.0749920206756004,0.010067703314993369,0.09090909090909091,V-B2
CCG,0.0742126980108298,0.01581354337211534,0.045454545454545456,V-B2
CCC,0.06772180067359442,0.011492570370196162,0.045454545454545456,V-B2
CGA,0.06467419692623906,0.009602485191706972,0.09090909090909091,V-B2
GAC,0.05908713925377723,0.008835551437670163,0.045454545454545456,V-B2
AAT,0.05129839493805631,0.007197103513143529,0.045454545454545456,V-B2
CCA,0.05042052627165596,0.00676672175743214,0.045454545454545456,V-B2
CGC,0.0501892955231191,0.08414821643355665,0.045454545454545456,V-B2
gc,0.03440683336760811,0.004782474263266907,0.045454545454545456,V-B2
GCA,0.02718340564352086,0.00424165358565669,0.045454545454545456,V-B2
gc,0.15736023981874048,0.5661414135721389,0.1002710027100271,V-F
palIdx,0.08032963439101722,0.01502751219664954,0.11653116531165311,V-F
TGG,0.07401964985418152,0.004400709518242211,0.032520325203252036,V-F
length,0.06039194433184394,0.012787243581828818,0.04065040650406504,V-F
AAT,0.05283681040410066,0.024984534916299588,0.056910569105691054,V-F
ATG,0.045394332059115645,0.02007310089993705,0.056910569105691054,V-F
AAA,0.042390290326915214,0.008540283373788456,0.03523035230352303,V-F
TAA,0.04020915399242693,0.006289066331647849,0.05420054200542006,V-F
CTA,0.03847020395269392,0.002862597554100862,0.016260162601626018,V-F
GTT,0.03258569018370491,0.006318841470031675,0.018970189701897018,V-F
TGT,0.03251238042833247,0.0057291901563552095,0.02168021680216802,V-F
TAT,0.02973531237666334,0.20920672414589211,0.04336043360433604,V-F
GTG,0.02946575542820759,0.004036272891368375,0.013550135501355014,V-F
TCT,0.029006886428291204,0.00342924754469365,0.024390243902439025,V-F
GTA,0.027525894844444808,0.02822692573072123,0.04065040650406504,V-F
ATT,0.02452094005150568,0.012256896884998491,0.024390243902439025,V-F
TTT,0.018377567518684235,0.002314596427747914,0.02710027100271003,V-F
AGT,0.018354864037266237,0.0033581625050799653,0.02981029810298103,V-F
TTC,0.01782385096168368,0.002746718075826385,0.016260162601626018,V-F
TTA,0.017685229002594487,0.0041676986713290445,0.024390243902439025,V-F
AAC,0.01520470754503618,0.004281021103769677,0.013550135501355014,V-F
AAG,0.01404245192727193,0.0015629546548928787,0.018970189701897018,V-F
GAT,0.013555053329792278,0.002387891824818859,0.016260162601626018,V-F
ATC,0.013537405664147333,0.0018349098820408748,0.018970189701897018,V-F
TCC,0.012974266074769319,2.884293252357652e-4,0.0027100271002710027,V-F
CAT,0.011860665768573114,0.005900749332483429,0.01084010840108401,V-F
CTT,0.011525957437688266,0.0012837251213886948,0.008130081300813009,V-F
TGA,0.007662278252483512,0.0017988512851843737,0.01084010840108401,V-F
ACA,0.007178346522053138,0.0014677224842086633,0.013550135501355014,V-F
AGA,0.006332043340476101,6.393010476347837e-4,0.008130081300813009,V-F
ATA,0.006248661677586822,0.0021901950727838764,0.02168021680216802,V-F
CAA,0.0035283786517838643,0.023471532195478026,0.005420054200542005,V-F
TAG,0.0015139751535806329,2.2101281942920857e-4,0.0027100271002710027,V-F
GAA,0.001197131769245895,0.0018965568554350951,0.016260162601626018,V-F
CCT,9.290355723988165e-4,1.6548339435508292e-4,0.0027100271002710027,V-F
GGA,8.051995731863504e-4,6.899136874449336e-4,0.0027100271002710027,V-F
CTC,7.729424000964608e-4,1.7058526676485622e-4,0.0027100271002710027,V-F
TAC,6.742007894289119e-4,7.8958801350531e-4,0.008130081300813009,V-F
TCA,6.102804170448229e-4,4.326202172692962e-4,0.0027100271002710027,V-F
AGG,5.211305262924305e-4,0.004374156722939256,0.0027100271002710027,V-F
ACT,2.658536371908134e-4,9.280833982644076e-4,0.01084010840108401,V-F
GGT,6.34035774588487e-5,3.2697984599545037e-4,0.005420054200542005,V-F
length,0.11666265934039205,0.640698910108939,0.04878048780487805,V-J
TTT,0.07271952984309038,0.035887180446010754,0.04878048780487805,V-J
AAT,0.06634464814069224,0.01319191439502113,0.027439024390243903,V-J
CCC,0.06205161218469644,0.0394443769498457,0.04878048780487805,V-J
GGT,0.05631748740809855,0.007748142252388454,0.03353658536585366,V-J
TCA,0.050017509701832184,0.0031775352423728488,0.027439024390243903,V-J
GAA,0.04977959298005262,0.004462151214588525,0.01524390243902439,V-J
TGG,0.049129072846998245,0.02905585827389235,0.021341463414634148,V-J
gc,0.0410288475145384,0.0030362522149461916,0.024390243902439025,V-J
TGA,0.039967680449376285,0.0034221797406671535,0.027439024390243903,V-J
CCA,0.03426822270646138,0.014763666298477824,0.054878048780487805,V-J
AAC,0.032529006189095294,0.005909384796527415,0.01524390243902439,V-J
TTC,0.025617273001483858,0.013244673858023581,0.024390243902439025,V-J
CTG,0.023665014311327292,0.016275445444227384,0.027439024390243903,V-J
GGG,0.022640192115657154,0.024955696806199707,0.021341463414634148,V-J
GTC,0.020496703479115044,0.0024531938097765685,0.012195121951219513,V-J
ACC,0.019953776599193344,0.05637981723867273,0.04573170731707317,V-J
AAA,0.01937007378953896,0.002753395352245894,0.024390243902439025,V-J
CCT,0.019131011281087025,0.0032246105944089406,0.01524390243902439,V-J
CTA,0.017361081657432095,0.002909808405389479,0.027439024390243903,V-J
palIdx,0.017017685505036483,0.0038219061008070774,0.024390243902439025,V-J
ATG,0.01312019625500495,0.004320909727440163,0.03353658536585366,V-J
TAG,0.012870128717815359,0.006659472562419492,0.042682926829268296,V-J
TTG,0.012523373586858219,0.0018260304791292376,0.012195121951219513,V-J
CTT,0.01154831798865109,0.004930809937902843,0.039634146341463415,V-J
GTT,0.010543795748681169,0.003451990363647056,0.009146341463414634,V-J
CGG,0.006847692750382633,0.0011944515401150525,0.003048780487804878,V-J
GCA,0.006347441226751237,0.0034295826475535243,0.021341463414634148,V-J
AGG,0.005868544027730599,0.0040102681948010425,0.012195121951219513,V-J
CGA,0.005526073165295621,0.019102421716132106,0.018292682926829267,V-J
AAG,0.0052240327427441465,0.005066105058606364,0.03353658536585366,V-J
CAG,0.005191730374237102,8.875001733118506e-4,0.012195121951219513,V-J
TCG,0.0050708393154421634,5.239336475486633e-4,0.006097560975609756,V-J
TCC,0.004996194694482928,8.222742616774182e-4,0.012195121951219513,V-J
GCC,0.004869489271596607,0.0018670640633471772,0.021341463414634148,V-J
CAA,0.004537380617873072,0.0010667964967222496,0.012195121951219513,V-J
CTC,0.0036721110736870266,8.651288491076932e-4,0.009146341463414634,V-J
TAA,0.003173143090689758,7.640987327701779e-4,0.006097560975609756,V-J
TCT,0.002704658422597459,0.001461001536226922,0.006097560975609756,V-J
ACA,0.0026120126727892747,0.0011680235491386172,0.003048780487804878,V-J
CGC,0.0025728763451299645,4.100805511526362e-4,0.003048780487804878,V-J
GGA,0.0024852068178246468,6.4072406855979e-4,0.006097560975609756,V-J
GCT,0.0019284761851910339,3.0607772679841597e-4,0.003048780487804878,V-J
AGT,0.0015066423071724367,3.83557734072566e-4,0.003048780487804878,V-J
TGC,0.0014370022668770267,0.0033187141412791216,0.006097560975609756,V-J
ATC,0.0012152908882397749,0.0011158068165822751,0.01524390243902439,V-J
GTG,0.0011252997124824007,1.8426410276762106e-4,0.003048780487804878,V-J
TAT,0.0010377371775314843,2.3029864676760438e-4,0.003048780487804878,V-J
TGT,8.700924794452751e-4,0.001461983010650339,0.003048780487804878,V-J
GAG,8.618890476311551e-4,2.9305790169963623e-4,0.003048780487804878,V-J
CAT,6.610576842738162e-4,2.22880527019823e-4,0.003048780487804878,V-J
TTA,4.540494532397491e-4,3.338581587341643e-4,0.006097560975609756,V-J
CAC,3.080644244463902e-4,1.5769568634408675e-4,0.003048780487804878,V-J
ATT,2.2047842200908523e-4,7.070378465455944e-4,0.009146341463414634,V-J
CAT,0.121541326535238,0.014050097953245615,0.061224489795918366,V-U1
GTC,0.0986300675802124,0.07397846060133415,0.061224489795918366,V-U1
ATG,0.07949079978721577,0.014082046013787885,0.04081632653061224,V-U1
CTC,0.07380737714051595,0.01050551033783737,0.04081632653061224,V-U1
TCT,0.07374614239391054,0.021850464493313786,0.04081632653061224,V-U1
CCA,0.07232294083201364,0.21569020721365406,0.061224489795918366,V-U1
AGC,0.07225819060525279,0.13674389916546922,0.061224489795918366,V-U1
GAG,0.07064415744379351,0.011598020270605117,0.04081632653061224,V-U1
CAA,0.05550469212940583,0.029216886697379606,0.04081632653061224,V-U1
length,0.04454823005079123,0.0030610738359540916,0.02040816326530612,V-U1
TCA,0.04335213589945979,0.0054079239840632625,0.02040816326530612,V-U1
TCC,0.038872559287674094,0.006057458388174634,0.02040816326530612,V-U1
GCA,0.03841074356348985,0.00762471925178792,0.04081632653061224,V-U1
AAC,0.02562709944422226,0.34189221078912696,0.08163265306122448,V-U1
AGG,0.025234563666518082,0.009151453348538875,0.061224489795918366,V-U1
TTC,0.020070019038223808,0.004063538919413934,0.02040816326530612,V-U1
CAG,0.014368297225168329,0.026086490732311857,0.04081632653061224,V-U1
ACC,0.013942873688731832,0.03567399034882088,0.02040816326530612,V-U1
GAA,0.00496369461379564,0.006340556357682642,0.04081632653061224,V-U1
GGT,0.004942108156536345,0.01204723866760497,0.08163265306122448,V-U1
GGA,0.0038742016199155745,0.0030635892446765904,0.02040816326530612,V-U1
TTT,0.00309792879842281,0.006129104251692639,0.04081632653061224,V-U1
TTG,6.247658694714411e-4,0.002906770736043463,0.02040816326530612,V-U1
GTT,1.2508463002045591e-4,0.002778288397480501,0.02040816326530612,V-U1
TTC,0.16126244434694684,0.08655462361283327,0.09375,V-U2
AAG,0.1446001517130121,0.05410978493708024,0.125,V-U2
TAA,0.1069474131495538,0.4737798881043698,0.109375,V-U2
palIdx,0.10332938123884586,0.004149558499852942,0.046875,V-U2
AGG,0.10043484417044678,0.0067877069971555536,0.046875,V-U2
CCA,0.06630080328042859,0.006296207935064786,0.0625,V-U2
CTT,0.059392234855352624,0.08055466086164365,0.03125,V-U2
AGA,0.03989673033513275,0.0011861718896756994,0.015625,V-U2
TTG,0.037674091997074895,0.0026643682726802636,0.03125,V-U2
length,0.03309666894108913,0.004487512816579092,0.015625,V-U2
TGC,0.032218582056968044,0.005314750623729973,0.0625,V-U2
ATA,0.02917043875811772,0.0029377619778824878,0.03125,V-U2
TTT,0.015052811530482185,0.0034811323208610288,0.046875,V-U2
AAT,0.011889079166190808,0.002719289225123342,0.03125,V-U2
ATT,0.011101099325511017,0.030824651780583096,0.046875,V-U2
gc,0.01076785597038349,0.0034125316874615338,0.046875,V-U2
CAT,0.00867764791407565,0.011542341209641564,0.015625,V-U2
GGG,0.006785831285386272,0.00404209640450238,0.015625,V-U2
GCT,0.00511963506894562,0.20733760143523697,0.015625,V-U2
GAA,0.004659071893552197,0.0019268458226288489,0.03125,V-U2
CCC,0.003650154527721902,0.0010809512221452028,0.015625,V-U2
ACA,0.002726773651125979,0.0012510422051429527,0.015625,V-U2
AAC,0.0018542281421437725,9.290769211082706e-4,0.015625,V-U2
TTA,0.0016993004646826575,0.0017347895501696054,0.015625,V-U2
GAT,0.0016927262168292636,8.946536868475145e-4,0.015625,V-U2
GGG,0.16130058403646927,0.00913728485222942,0.07142857142857142,V-U4
CGG,0.1411324503099538,0.010815053954658961,0.0546218487394958,V-U4
gc,0.09102666451521851,0.3555761839059013,0.10504201680672269,V-U4
GAC,0.05490759643895179,0.005530053689270093,0.01680672268907563,V-U4
GTC,0.051959722378412246,0.007472191393558158,0.058823529411764705,V-U4
palIdx,0.03946468537792144,0.07162930669770756,0.0546218487394958,V-U4
GTA,0.038807702990334085,0.009007512956806041,0.046218487394957986,V-U4
ACG,0.03744099925279044,0.40737200191095874,0.046218487394957986,V-U4
ACA,0.02900411179086368,0.0036757343543986046,0.012605042016806723,V-U4
TCC,0.027212210716115973,0.003167852950320266,0.02100840336134454,V-U4
CCT,0.022913957280734556,0.0015689975497191497,0.02100840336134454,V-U4
GCC,0.02258858417146542,0.002857789813457428,0.037815126050420166,V-U4
CCC,0.022310299466198134,0.001628410869328623,0.01680672268907563,V-U4
ATG,0.022168449971296467,0.04000684354650193,0.029411764705882353,V-U4
GGT,0.021301713444456215,0.005164508280085782,0.01680672268907563,V-U4
length,0.017870735924075985,0.0026987008660313144,0.02100840336134454,V-U4
AAC,0.017717562602899365,0.0014650463154856589,0.008403361344537815,V-U4
GAG,0.01584648541900912,0.0016387070687604742,0.025210084033613446,V-U4
CCG,0.015817787786533668,7.664081792187565e-4,0.012605042016806723,V-U4
CTG,0.015026335052536526,0.0018389062385128201,0.012605042016806723,V-U4
CTC,0.01345135531576384,8.768447636036081e-4,0.012605042016806723,V-U4
TAC,0.012250422693425038,4.3710362326327665e-4,0.004201680672268907,V-U4
TGT,0.011150744549605192,0.0018630786076332762,0.037815126050420166,V-U4
ATC,0.010933987480461415,4.921144145534471e-4,0.004201680672268907,V-U4
GAA,0.01090529110299647,0.0030138278052414848,0.008403361344537815,V-U4
GCA,0.010227090234912941,0.0012118947661581532,0.029411764705882353,V-U4
ACC,0.00997339585258775,0.0011958561734246888,0.029411764705882353,V-U4
GCG,0.00924905495144412,0.0018756023799968325,0.03361344537815126,V-U4
TGG,0.00890145975499183,0.0014324587495984263,0.012605042016806723,V-U4
GTG,0.007764692941685538,0.03714067414995005,0.012605042016806723,V-U4
CAC,0.007103007940209417,0.0011997185899583298,0.008403361344537815,V-U4
GTT,0.0061504598511645326,4.284805434238577e-4,0.008403361344537815,V-U4
TGC,0.006123212029097685,0.0012347660944709137,0.01680672268907563,V-U4
TCA,0.0029194600044020005,5.599433300402609e-4,0.004201680672268907,V-U4
CCA,0.002303088429082039,4.117937477027207e-4,0.008403361344537815,V-U4
TGA,0.001640811682327839,0.0013023484931180569,0.029411764705882353,V-U4
CGT,8.902880118320002e-4,5.402770086262255e-4,0.012605042016806723,V-U4
CGC,7.484447996242833e-4,3.4474581840717746e-4,0.008403361344537815,V-U4
GAT,7.380955383144181e-4,6.780940738258472e-4,0.012605042016806723,V-U4
AGG,5.030120583237574e-4,2.9584425994550113e-4,0.008403361344537815,V-U4
CGA,1.7774527635401805e-4,2.5860601993190117e-4,0.004201680672268907,V-U4
GGA,7.62405751571291e-5,1.8843119421488376e-4,0.004201680672268907,V-U4
CTT,0.12003664704192846,0.0077117074989123575,0.045871559633027525,VI-A
AGT,0.10585997857238476,0.001425178457842552,0.022935779816513763,VI-A
AAA,0.09340592572939506,0.28315956996837927,0.09174311926605505,VI-A
CCT,0.05899619070711402,0.002946400384882564,0.045871559633027525,VI-A
GGG,0.045472421552652326,0.03956081352770276,0.027522935779816515,VI-A
AAG,0.04457523159832949,0.005228390115562143,0.04128440366972477,VI-A
length,0.04336975889601564,0.033507136459367703,0.03211009174311927,VI-A
CCG,0.040126613585836246,0.0018060662526142687,0.022935779816513763,VI-A
TGG,0.03905892289478826,0.003334533331117181,0.045871559633027525,VI-A
CAC,0.03445528282246922,9.480218642024903e-4,0.009174311926605505,VI-A
CTC,0.03297885349215571,0.0011320090455579986,0.01834862385321101,VI-A
GTT,0.024330196919897427,0.00700520140221122,0.009174311926605505,VI-A
GTA,0.023908803153593127,3.7539067856507216e-4,0.013761467889908258,VI-A
GGT,0.022596725701590378,0.008414897408948538,0.013761467889908258,VI-A
AGA,0.022359839959919102,0.1638660501967244,0.03211009174311927,VI-A
GAA,0.02184525766817164,8.477128429716572e-4,0.013761467889908258,VI-A
gc,0.021796884713830702,0.0012349531118467448,0.03211009174311927,VI-A
GCG,0.019676302115523948,4.8734178231493123e-4,0.009174311926605505,VI-A
GTC,0.017316244769360504,0.27244983056133015,0.022935779816513763,VI-A
TTC,0.015929935417372566,0.07601137056061899,0.009174311926605505,VI-A
GAG,0.0145965222372885,0.0012585732911493631,0.027522935779816515,VI-A
AGG,0.01332780778466312,0.0020661298316034023,0.03211009174311927,VI-A
TCT,0.012712591057564096,0.0017219860752962204,0.04128440366972477,VI-A
GAT,0.011498912350541774,0.0025114091634139946,0.027522935779816515,VI-A
ACA,0.011134979800636578,0.0010642732604877266,0.013761467889908258,VI-A
ATA,0.009722057340083393,0.004475139393108189,0.03211009174311927,VI-A
AAT,0.00966308485270089,0.012336141003651727,0.05045871559633028,VI-A
TCC,0.009215634322480027,0.00165380412823193,0.01834862385321101,VI-A
GGC,0.008445651268114186,1.5067279495242084e-4,0.0045871559633027525,VI-A
GCA,0.006107341405758506,3.0095501851476865e-4,0.0045871559633027525,VI-A
GTG,0.005969356142235914,0.0023033566996925057,0.0045871559633027525,VI-A
TCA,0.0058446914309259555,0.0016405819702359668,0.022935779816513763,VI-A
TAA,0.005529962984770664,0.0012463565987620342,0.027522935779816515,VI-A
TAC,0.005332098542178246,4.4248105043151454e-4,0.013761467889908258,VI-A
palIdx,0.005174939418609526,6.493338984325988e-4,0.013761467889908258,VI-A
CCC,0.004163810858401933,0.04565101242006458,0.01834862385321101,VI-A
CCA,0.0032125728516359917,1.5271252801810295e-4,0.0045871559633027525,VI-A
TGT,0.0026067661317918404,1.7849521774325418e-4,0.0045871559633027525,VI-A
CTG,0.002565464809234767,4.510039801928574e-4,0.0045871559633027525,VI-A
GAC,0.002331762746201897,3.0218878519277636e-4,0.009174311926605505,VI-A
TTT,0.0011059063871252854,8.328575061092434e-4,0.022935779816513763,VI-A
ATC,5.712247585203034e-4,6.236691596134473e-4,0.01834862385321101,VI-A
ATG,5.208859802728886e-4,3.524515580018117e-4,0.009174311926605505,VI-A
CAA,4.474455147200465e-4,0.005914747720248208,0.0045871559633027525,VI-A
TTA,5.638296155893231e-5,1.3454118561581822e-4,0.0045871559633027525,VI-A
ATT,4.612874965612871e-5,1.3255030956260715e-4,0.0045871559633027525,VI-A
TGC,0.10711023933325216,0.2033610276261399,0.029880478087649404,VI-B
ACA,0.06709006851934467,0.05574652401646783,0.04183266932270916,VI-B
GGG,0.05723759697369351,0.0032025116070373283,0.03187250996015936,VI-B
length,0.04970019305681805,0.13930753584724953,0.037848605577689244,VI-B
GAG,0.04415189740748263,0.0067272871448650195,0.027888446215139442,VI-B
TTG,0.04091840630648657,0.11615677337739642,0.03187250996015936,VI-B
GCA,0.039215757063269824,0.14011415641795386,0.03386454183266932,VI-B
CAC,0.03544291431286901,0.0020433337232919125,0.017928286852589643,VI-B
TCA,0.03496916203269556,0.0016509493440684834,0.02390438247011952,VI-B
TTT,0.03226855881475183,0.010305406739073623,0.03386454183266932,VI-B
palIdx,0.02997226084121092,0.016308179783785553,0.035856573705179286,VI-B
TGA,0.027616188165860596,8.215736756485159e-4,0.017928286852589643,VI-B
TGT,0.026957968348964596,0.10586764607228834,0.02390438247011952,VI-B
CCC,0.026132532988882212,0.005517219400257764,0.01195219123505976,VI-B
GGT,0.02600222384491383,0.002620736561572328,0.013944223107569721,VI-B
GTT,0.025042921481243742,0.002002154146773567,0.0199203187250996,VI-B
GTA,0.02492183298958302,0.032433513495647714,0.03386454183266932,VI-B
CAA,0.02400415317174479,0.04532177573113876,0.027888446215139442,VI-B
TAT,0.021598131787180258,9.897104486294578e-4,0.013944223107569721,VI-B
gc,0.020831831328326438,0.0039036034151128454,0.05179282868525897,VI-B
AGG,0.019732426529802057,0.0040692483449243574,0.021912350597609563,VI-B
TAC,0.019560866184203933,0.011191150160963607,0.021912350597609563,VI-B
CCT,0.016828935119838375,0.0014288573288781462,0.017928286852589643,VI-B
GGA,0.01334907271170745,0.01647278758989837,0.027888446215139442,VI-B
CTA,0.01180643705233174,0.0025975529248067697,0.013944223107569721,VI-B
TTC,0.011777194251356874,5.644308738401165e-4,0.0099601593625498,VI-B
AAG,0.011302878248621995,0.0038786962840133923,0.0199203187250996,VI-B
AGA,0.011233642440577472,8.054093378758786e-4,0.017928286852589643,VI-B
TTA,0.010937747754021485,0.002005436282171238,0.017928286852589643,VI-B
AGT,0.0086003978151687685,1.857684273350835e-4,0.00398406374501992,VI-B
AAT,0.00803022359801544,7.281972768972973e-4,0.00796812749003984,VI-B
CTG,0.007878758301579976,0.015148011267685026,0.017928286852589643,VI-B
TGG,0.006490516021230404,0.0019408445665031933,0.00597609561752988,VI-B
CAG,0.006225304036370656,0.01707398785890815,0.00796812749003984,VI-B
TAA,0.005829940881551681,8.143503796940686e-4,0.0199203187250996,VI-B
ACC,0.005776303531332529,0.0018882607350654227,0.00398406374501992,VI-B
CTC,0.00557697219711252,0.006672866803208289,0.00398406374501992,VI-B
GCT,0.005559186897837547,6.733604269202519e-4,0.01195219123505976,VI-B
AAC,0.0052330738157037714,8.030832027152163e-4,0.013944223107569721,VI-B
GAT,0.005142149046285789,4.3663309805861805e-4,0.013944223107569721,VI-B
ACG,0.005017807459417546,9.753532924708852e-4,0.01195219123505976,VI-B
AAA,0.005004489413576368,0.0010431853555409759,0.0199203187250996,VI-B
CGG,0.004984645498342106,0.002240091689375171,0.00597609561752988,VI-B
CTT,0.00480403297103627,0.0015996766536955948,0.017928286852589643,VI-B
ATA,0.00441916410339418,3.588186450634971e-4,0.0099601593625498,VI-B
TAG,0.0034658624979362115,9.642788716764979e-4,0.00796812749003984,VI-B
TCC,0.0027246170170437327,0.0019819533954630246,0.017928286852589643,VI-B
ATT,0.002464896335510723,4.396739050241738e-4,0.0099601593625498,VI-B
AGC,0.001502850908113036,6.503475779064467e-4,0.00398406374501992,VI-B
GTG,0.0012646378523046317,0.0013270932152266981,0.00597609561752988,VI-B
ATC,0.0012590805393271414,5.915750557049283e-4,0.013944223107569721,VI-B
CCA,0.001206847344652021,0.0017279873179763083,0.00796812749003984,VI-B
GCC,0.0010345916007699718,3.4327664367288707e-4,0.00398406374501992,VI-B
GGC,8.177545408601676e-4,1.1122915119921049e-4,0.00199203187250996,VI-B
GTC,5.044405200070245e-4,3.0512276207847965e-4,0.00398406374501992,VI-B
CAT,4.197318186775684e-4,9.374378990563827e-4,0.00199203187250996,VI-B
CCG,4.090080143081632e-4,2.1034800950822343e-4,0.00199203187250996,VI-B
GAA,2.1894613170019115e-4,5.048587890433632e-5,0.00199203187250996,VI-B
GAC,2.1245144688708317e-4,1.366893939918038e-4,0.00199203187250996,VI-B
TCT,1.8292106363240296e-4,9.711978856405564e-5,0.00199203187250996,VI-B
ACT,2.4357719278879463e-5,1.2770375313912047e-4,0.00398406374501992,VI-B
